"id","commenter","content","createdAt","customerId","documentId"
"4345a998013b4602bf077ea7eaeb7334","C#F8O7RIRe8FdzDZf2u0H3PdhbuTJ3","""Non c'est juste une photo pour rappeler √† certains des bon souvenir. ""","2023-04-20T22:11:29.643Z","F8O7RIRe8FdzDZf2u0H3PdhbuTJ3","33ffc18ba04d41358bc634e18dcc7938"
"e5644bd1ca8b45df918cb35585ff2993","C#QMXpuHi5jQWCkzXJLMxkINISiro1","Pour cedric c'est du cidre breton bien s√ªr...","2023-04-19T17:26:34.589Z","QMXpuHi5jQWCkzXJLMxkINISiro1","eea68172408f4809921ab3c0b45dd40e"
"0e205822f49848819868cdd4eeca1418","C#W73xSsS0HwgHs5zkjkxXbnwhzt63","Coucou mes amours üòçüòò","2023-04-15T15:45:03.105Z","W73xSsS0HwgHs5zkjkxXbnwhzt63","cb924f8437b54359a802016b10347c56"
"367898c40c7d439c86c58cbbe1128cde","C#QEWf9Q9uE7YS800Q9Xz53mP4OhK2","Chacun sa canne.","2023-04-14T18:28:22.059Z","QEWf9Q9uE7YS800Q9Xz53mP4OhK2","0c34a3e93da14af1bb22cbeb88d4b83e"
"236bb5a273314887a659498fcdba83d6","C#k8JGxXIzNVSJ8eEUKbzqPagcASP2","Merci üòò","2023-04-16T20:00:53.610Z","k8JGxXIzNVSJ8eEUKbzqPagcASP2","3c4658c5b43f4b96b2c1492fc98d7ea5"
"c24d306af757475992b22dcbb0c33288","C#DnVenDUIa6aLia8L3EcOxsqwdkD2","Trop beau vous √™tes arriv√©s a temps super","2023-04-17T21:43:24.295Z","DnVenDUIa6aLia8L3EcOxsqwdkD2","b0dd6d34238f4fd6baa0288d3c96f613"
"3502fee63fa64b798e47f530f637f4fa","C#R3WvQt8OVfMdcEt2qlWsh1HmX172","Trop belles les s≈ìurs ü•∞","2023-04-16T10:36:05.191Z","R3WvQt8OVfMdcEt2qlWsh1HmX172","27249efec83e44c9895c7d76233f6a62"
"fcdeb9119f324214a4f8e0f9efbe958b","C#EBzuSzka6ST55pS6Y0wEXeRgy853","Bon app√©tit mes amours ü•∞üòò","2023-04-18T18:06:15.379Z","EBzuSzka6ST55pS6Y0wEXeRgy853","43c014063c96482d87a322627c105fd4"
"5c4e77e88afd4ee8a9fddb2e898e3711","C#i22s5w4ExPVZJp0qK3Tb15wQmTX2","Bisous √† tous ü•∞","2023-04-18T14:21:19.863Z","i22s5w4ExPVZJp0qK3Tb15wQmTX2","412d5366e7904096950a03dec1567e94"
"c099c8e0a9014053baf21a8b6571f2bf","C#rwbXrYwERGS7mUlums2u5V3i6h92","""beijinhos ""","2023-04-22T22:53:46.665Z","rwbXrYwERGS7mUlums2u5V3i6h92","ed22ed2885e84506937c7581ad684fee"
"f0f89093dc0142509f52695e71c23822","C#nyUF5isVn3Q3jTV6VqWo0UZrjbE2","Merci !","2023-04-20T08:14:58.411Z","nyUF5isVn3Q3jTV6VqWo0UZrjbE2","811a37ed888a477995d364b855bdedcc"
"c8207a8525574800b514c5e11c2d5569","C#x1ZdO5p9qUWxJ34kis8utok5p8W2","Ap√©ro !!!","2023-04-16T10:31:02.615Z","x1ZdO5p9qUWxJ34kis8utok5p8W2","8a826ba851824e569f4432314824f8d6"
"bcae7721177f4ed88859c6de12582338","C#hubieOQpeVPg4h8mpEyoOreQImw2","""Faut tester ! ""","2023-04-14T17:25:19.952Z","hubieOQpeVPg4h8mpEyoOreQImw2","27c7f5b9b9a649019d58ef97de01d30d"
"f3b15c0f744f4f6fbc05a4ab0a5126c1","C#S59ndpN58reYaFvGWvpmbN6nloj2","""Ha ben nous voila bien !!! ""","2023-04-21T06:13:27.153Z","S59ndpN58reYaFvGWvpmbN6nloj2","754d7f873f68466487322e39e32438ba"
"06d1cccd397649f1bc12ac91e9b09200","C#dTaFjGhBYaOV6OdLuKqqxBkNXCz2","Coucou ont n a plus de photos üò≠","2023-04-13T18:19:23.607Z","dTaFjGhBYaOV6OdLuKqqxBkNXCz2","546dc2aa15f648d9bbfe3d7f19fa4471"
"3c4bd97b4fc3463e8deef044e21563c8","C#vyjBJqfYdPUTUvjV9JwsqIrJ9G12","Finit le lit de bebe üòÖ","2023-04-16T08:34:03.229Z","vyjBJqfYdPUTUvjV9JwsqIrJ9G12","f0bc60dcfc5f40a8842a24d5ed021d14"
"7e6fc10469d84619b358878ed8308103","C#bz0jesccPebcQ3gktmTL7jdhxtt1","Oooooh trop chou ü•∞","2023-04-17T06:49:43.491Z","bz0jesccPebcQ3gktmTL7jdhxtt1","d9f10cfa660e40a2b3756bcb19013e91"
"da18a1375e624381b2753665da762e75","C#kn1AOgdsfOUVP4MhfOKRNL3XDa03","Heureux d etre ailleurs","2023-04-16T09:17:03.522Z","kn1AOgdsfOUVP4MhfOKRNL3XDa03","392f5e4767f64f26a8f830faee15c9a5"
"762d651845c84ebda9a78ac79fb6aa93","C#yBN7XNLlJVYPHaYcpueP2s9fddu2","Miam üòã","2023-04-22T17:01:35.316Z","yBN7XNLlJVYPHaYcpueP2s9fddu2","b93e107c406d48cc83ee5fcfdd54199a"
"6f8bff3cee434d2eaf8d231aa2c18a34","C#HS8SiHN47maF6XBfamG1wk0Diw12","""Ah merde ""","2023-04-13T13:29:06.800Z","HS8SiHN47maF6XBfamG1wk0Diw12","76c31c988e0a4ed69853d8040ead665f"
"c1c48a118ccd48f6a4bd2468c135265d","C#jAEeX6nuNRO9rqzLsTeUxL96A5F3","Choupinette!!","2023-04-20T19:10:12.794Z","jAEeX6nuNRO9rqzLsTeUxL96A5F3","ab2ee4356382420cb91d8af56657314f"
"1394b32cca364819b92f070e9e03a6d7","C#swc8Cc1z16N42CC7Bljwd5aEeBu1","Si c est avec le meme assortiment de couleur c est pas joli ü§£","2023-04-14T17:16:43.809Z","swc8Cc1z16N42CC7Bljwd5aEeBu1","0e5748a82aaa41d586a815f5b0dc8242"
"14740421a80440b1b8fbfdf431ecb53d","C#LaVFIrb04rYkBRUHnkioNzWIuXx2","Tout semble avoir √©t√© remis √† z√©ro hier‚Ä¶..","2023-04-13T05:01:42.048Z","LaVFIrb04rYkBRUHnkioNzWIuXx2","f1eeda18a4b4417aaa85d0c2e873d33a"
"68482a7987b64b46bb9997b9bc8e2b4e","C#AavOX9c8GRhWx9VX9PRl8HJY3B52","üòç","2023-04-22T20:24:40.632Z","AavOX9c8GRhWx9VX9PRl8HJY3B52","5325f0709d04462983df551f7b628be3"
"b2425afe4e6846708643cbc2e7314116","C#KWGg28qHezWX63waCfYUfJRJhzF2","Gros bisous üòòüòò","2023-04-13T18:45:47.271Z","KWGg28qHezWX63waCfYUfJRJhzF2","a879568f301f43aeb81ca66ccf7ecfc5"
"4647eeb629cd4a0f9793c7ebd1471b0e","C#AtV4lnJTZbUB9MpH3aAPHjiYWsH3","""Ah, c est g√©nial !!""","2023-04-20T18:53:50.128Z","AtV4lnJTZbUB9MpH3aAPHjiYWsH3","f77241f04fb9461fae50a205a2bbdf6f"
"f1fc29a4b6c74eeda90baad419cd3f5c","C#GE0mFXVrgag8Kb9tll7fgJ7ySdr2","""Moi, j'ai que 2 photos de margaux, le reste j'ai pas !!!! ""","2023-04-16T08:00:07.161Z","GE0mFXVrgag8Kb9tll7fgJ7ySdr2","749b4d2e7e9c44dc9b55ff1b7c347c32"
"c3715b6f62d840e1856f7aee539cc6ce","C#MNkkkS60KdS9A5SgGbnjaTSjmd13","Toi qui voulait toucher ‚Ä¶..","2023-04-15T12:27:02.088Z","MNkkkS60KdS9A5SgGbnjaTSjmd13","76c10beaba6c4cff8b6ab3e8dc5d437e"
"9a2079382d3d4fe189a499480646917e","C#3syZN5gh1nOQlbQeYscDcBqXbKm1","Magnifique prise de vue !!!","2023-04-20T13:44:46.013Z","3syZN5gh1nOQlbQeYscDcBqXbKm1","e801a73c0a67484fba8f86e45fae1154"
"e572c43eb53f498199408d6d930d5ed1","C#qeFGlf2q2bSLgdK1rzNfcQXuDo52","""Il y a quelques ann√©es.. hihihi.. bisous ""","2023-04-19T18:22:30.940Z","qeFGlf2q2bSLgdK1rzNfcQXuDo52","252725259e774cafa54cd20a81760a82"
"cf43cd1d97644b1593a3f7bdf09c9ba0","C#Bq9bsJVf8ZaRQwfdZODiIOhB4kX2","Non mais je r√™ve ü§£ü§£ü§£","2023-04-13T18:29:45.616Z","Bq9bsJVf8ZaRQwfdZODiIOhB4kX2","a425cadfa67d4af1a9cfb862f458251f"
"14276ae188b0452ea3986a717a33838c","C#zOzme3LRC1UpNJwSyjliJOGZacn2","11 mois depuis dimanche. Il enchaine les b√™tises üòä","2023-04-13T14:14:39.811Z","zOzme3LRC1UpNJwSyjliJOGZacn2","e145b184bf1b493e8c03a996a6b99572"
"c30990e6b9914c2586cdd59d84568406","C#aprrDe6tHsWXztSWTyif93cKU0G2","Oh la vache !","2023-04-13T08:09:44.475Z","aprrDe6tHsWXztSWTyif93cKU0G2","553829b4c93241e0b7a42fa8c7ee2771"
"a67d07505e8543a0a208fda434c846d7","C#eMwyC5cLhWMYjCkUeYlwdU0qQF43","""Oui plus aucunes photos ""","2023-04-13T20:06:56.244Z","eMwyC5cLhWMYjCkUeYlwdU0qQF43","a879568f301f43aeb81ca66ccf7ecfc5"
"fb2d63a6ea4f4cf2a918679491f03584","C#g24lLVI4OtMGfLLz87wxI7nywOP2","Il est beau ton assistant !ü•∞","2023-04-18T10:30:37.381Z","g24lLVI4OtMGfLLz87wxI7nywOP2","e5d9b3b71f3249eaa7fbb03606270bc4"
"d8da630bcffc45b68dec1ece35a33ebd","C#hjZp7RfzbCUh4HxGce1oHUoQYRr2","28/07ü•∞","2023-04-22T18:06:30.561Z","hjZp7RfzbCUh4HxGce1oHUoQYRr2","91d97005686c4efca87413c80d58c989"
"7af1dda2acbe47f6be7b899d1d030892","C#vPV6cKNXgsQRkN8HdWaQduL9JEi2","Moi aussi ma bibiche üíõüíõüíõ","2023-04-15T21:48:35.731Z","vPV6cKNXgsQRkN8HdWaQduL9JEi2","75600ae104d54373a64d4849e235608b"
"3f6bd06358884f6aa27112e3281079f8","C#CXEa8uZkatd2GJKyatgYQ9Uj7rm2","La chance !!!!!","2023-04-21T09:48:16.491Z","CXEa8uZkatd2GJKyatgYQ9Uj7rm2","ce72d67c45a14d7ca44c05aad34cb53a"
"df9f436edac244b8a8fd15eae8379392","C#lluEQdDdEIh18BqqqnXLp3iyusn1","Toute la famille a l'air en forme","2023-04-21T08:09:27.127Z","lluEQdDdEIh18BqqqnXLp3iyusn1","15977ded216745bdb041952ee069816c"
"a353766bf85046bc819f92ba498396e9","C#479A9A6ERyMesoa1kLJ11lZdZhx1","Bonne route et bonnes vacances √† tous les 6 üòò‚ù§Ô∏è","2023-04-15T11:17:32.265Z","479A9A6ERyMesoa1kLJ11lZdZhx1","ffdc1699d8544ecaaf1298a0ca3f85b7"
"8e4305f7bece4cc38ab21ae8feb44b39","C#Z6XnYHj2HDMthDmuIwDnHwnBcc03","Les costumes sont magnifiques!! Les filles on d√ª aimer ü•∞ü•∞","2023-04-16T21:20:15.010Z","Z6XnYHj2HDMthDmuIwDnHwnBcc03","26c104a03f2243f9bdc19b2e62cb11e5"
"7624bf5603114d9e8c3a2e05ab6a98f5","C#iKkcXNQM9XYhiXUSH7WIBItvEZj1","""Merci bocup pour les photos,elles sont magnifiques: vous √™tes des amours. ""","2023-04-16T16:20:30.562Z","iKkcXNQM9XYhiXUSH7WIBItvEZj1","6495dc0ddc7d44ca880f521e69f65903"
"be861987141d4367b4d9741501abb1ad","C#W73xSsS0HwgHs5zkjkxXbnwhzt63","Bonne nuit mes amours üòç","2023-04-17T21:21:22.118Z","W73xSsS0HwgHs5zkjkxXbnwhzt63","b66de552b7f8475bbf864dc1236bd402"
"db37870415b3439b934e9f4273d2c376","C#ExAfdc7HONNq8R5ckbcjVckxoO93","üëçüëçü§£ü§£üòòüòò","2023-04-16T19:49:25.352Z","ExAfdc7HONNq8R5ckbcjVckxoO93","6c43ecf9582d4023b2bbb63a337ec2b0"
"5f08f9c76aa14a4cabff7d5e4013c7f4","C#jNNyng5Ip2gDQfcUY4wJaNHDXcl2","Fear the deer !","2023-04-16T22:24:45.116Z","jNNyng5Ip2gDQfcUY4wJaNHDXcl2","ec65f09332244e248fdf3204068c570e"
"fa64eeed3d83448a8491e19e0a6bf1e2","C#djJ3gauHLugjdtisFZxFQUmzdUW2","""Mirko √† c√¥t√© de Blandine ?? üòò ""","2023-04-15T19:23:35.800Z","djJ3gauHLugjdtisFZxFQUmzdUW2","fd1e9089c8d24f65b3b6406bd44b410b"
"ed9a9541be89426a8760c9ff7ba0b5f5","C#AkShO0SSNveHApix0NtQJ2P90xn2","""Quelle belle photo ""","2023-04-18T17:19:38.709Z","AkShO0SSNveHApix0NtQJ2P90xn2","6c2b8d70487c44159c62e07353c88179"
"e2835f475bf74ec89644d27f32086cd0","C#ikKUIIrnhvQeOrBExLkeReGG1X42","""Tu as trouv√© tout √ßa o√π ? Super ""","2023-04-17T18:25:53.308Z","ikKUIIrnhvQeOrBExLkeReGG1X42","8133a512a5a94afea2187e75f7a5834a"
"39940fca4cb841dbb315fa97e09283c2","C#awVhPZOQm2bmdjJKDz6SOy9NoSJ3","Le plus dur est de commencer...üëç","2023-04-23T11:41:54.787Z","awVhPZOQm2bmdjJKDz6SOy9NoSJ3","f752c5921463413aa8e917f5be3aed94"
"4ac14299aeed40d98197eacab2e74181","C#ofXZcPpjSTVdjVkvcUpGcHL03n92","""Plus aucune photo disponible ""","2023-04-14T18:21:51.612Z","ofXZcPpjSTVdjVkvcUpGcHL03n92","42279f7cf2cc4373a5001e3bdcb97150"
"31ee443e3a234cafaa2435fe22fd0a02","C#0TnJac22Muapje4q0bQzanckgGb2","""Ils ont l'air de languir leurs parents ""","2023-04-22T19:19:14.365Z","0TnJac22Muapje4q0bQzanckgGb2","4c4c8b7dc7bf4b9a8409ed4b846e6b9f"
"b774f70d2cb242fdb102adeb2179018f","C#TtfMayg4ONQuRjCxcGFmPqFsdBA3","""Magnifique ""","2023-04-16T16:59:43.890Z","TtfMayg4ONQuRjCxcGFmPqFsdBA3","53b77c37176143e5989bebf86afdfca1"
"7f6fd0c77d93432aabf9b54891689a5a","C#cOP8wyw9NETj8su59ithZdLrMNI2","""Jolie ""","2023-04-22T04:46:16.449Z","cOP8wyw9NETj8su59ithZdLrMNI2","e7db36bbfc464edaaf07c8852e1386cd"
"4f82b21b1ca84ee288f7e73f31cad024","C#479A9A6ERyMesoa1kLJ11lZdZhx1","üëèma  cherie tu es une artiste ‚ù§Ô∏è","2023-04-15T05:50:08.822Z","479A9A6ERyMesoa1kLJ11lZdZhx1","34ee2d63baf344eba08ddfc182c40707"
"e7862ebb0af1499b9796279472a8ee4c","C#Oaby6VlJNROSrRMvoYEb1lLRcNl2","Top üëç Bonnes vacances üéâ","2023-04-15T17:55:12.856Z","Oaby6VlJNROSrRMvoYEb1lLRcNl2","7ae002aeacca4cc288c2e57d120748da"
"be42622446ab4b83a9da3f4d69cdc12e","C#jAEeX6nuNRO9rqzLsTeUxL96A5F3","Bon app!!! Bisous","2023-04-22T18:26:05.744Z","jAEeX6nuNRO9rqzLsTeUxL96A5F3","473c1b23d08d4d058c34cebc5dfc1773"
"e6cd3347044449afbf7a5d6e2a18a995","C#ogvefKmBzBT4eOq6rwHibDyBLy52","Il y a encore un monde fou !","2023-04-13T13:23:34.771Z","ogvefKmBzBT4eOq6rwHibDyBLy52","1bc6ed70d0324e998f69db69e983b385"
"b86a85c92b6c41ba967f0f0b53b66477","C#wo2CkdmKXAcC8SHMk2fud6BLnlr1","""Bisou maman et √† tr√®s bient√¥t ""","2023-04-15T06:52:17.999Z","wo2CkdmKXAcC8SHMk2fud6BLnlr1","2832b5cf49a642b385124457a7873682"
"4f5fc7c24e834e7ab28089dcba1629ad","C#jwj2Nbvxr1YQuLbwEysKm88COQg1","ü•∞ü•∞","2023-04-22T06:36:41.690Z","jwj2Nbvxr1YQuLbwEysKm88COQg1","2f78985013b349debd704473dce061ee"
"ba683546f59d4502acb8b0ee175396e8","C#kk1kliI6mlZATTm9hTymcIsYoKd2","Merci mes ch√©ries. Je suis impatiente de vous voir bient√¥t. Je vous plein de gros bisous","2023-04-17T07:50:59.093Z","kk1kliI6mlZATTm9hTymcIsYoKd2","b15297d6d8e34f7db2984a8229041939"
"afdf20dd760042559105d0bfaab07d83","C#aTe9K1k44oTtxxSnqX2TV3DLmAE3","C est mon fils ! üòâ","2023-04-13T14:19:14.723Z","aTe9K1k44oTtxxSnqX2TV3DLmAE3","e73ea93150514356864279e4b279af0d"
"7b7cd10fc7ed461ba142babf955f3649","C#x1ZdO5p9qUWxJ34kis8utok5p8W2","Ap√©ro !!!!üëç","2023-04-17T17:30:10.031Z","x1ZdO5p9qUWxJ34kis8utok5p8W2","6dc4af93d2084e93b41b14f003123025"
"eb1f1a01954f4a6b962a3ac4de9bce93","C#WTeodMVG8uaabhl8rZe6LlZyM2L2","""Tres belle phrase, tres belle ecriture ü•∞""","2023-04-21T11:17:19.919Z","WTeodMVG8uaabhl8rZe6LlZyM2L2","333931b95ce44c96ba5fee43a6da983b"
"c6a6dab1209542d8a7907163e43a97ab","C#u3cbNOGWc9e9X37WhtYC4OIW9Zr2","√áa faisait longtemps qu'elle n'en avait pas fait ü§™üòÇ","2023-04-23T11:11:40.509Z","u3cbNOGWc9e9X37WhtYC4OIW9Zr2","452c4552015a4d86927eab716cc11b29"
"1e23c69c667a4bf49184512a320e401a","C#PiwHhHigZYf6bbUswuJ7qHw5tNz1","La biscuiterie Lu","2023-04-16T07:48:20.896Z","PiwHhHigZYf6bbUswuJ7qHw5tNz1","bf6c9cfb636a488ebfaf30559481acf1"
"372f8b8bb1674e07951195090e5c50fa","C#szRmFBdmeeeWQ5CR79t9LijCWbh1","Sagrada familia ! Il ne fallait pas plus de monde dans la cuisine de M√©m√© ! Gros bisous √† tous üòòü•∞","2023-04-17T15:04:24.603Z","szRmFBdmeeeWQ5CR79t9LijCWbh1","2f991275d1ce451fbd69ff2e2db03072"
"e2814fc9bbd141e382bea5def3eed4b0","C#MuJUoM5smkco7uxtVI54Nje61kH3","J'adore les koalas üê®","2023-04-22T10:18:56.141Z","MuJUoM5smkco7uxtVI54Nje61kH3","f4863276bef2424faa836550607dea8e"
"99aa4f80ff9145a8be62bd0b965529de","C#qxfs6IAZryayr7ibdK6kdZ5MmJc2","""Trop belle! ""","2023-04-17T06:20:28.550Z","qxfs6IAZryayr7ibdK6kdZ5MmJc2","284c19760c884b0ba2e877c5f25c419d"
"8e46fbdb5a7142be8148728260b947ec","C#8d23x2iuwgV4EoFEo88pnyIXmZ22","Il beau","2023-04-22T18:55:38.187Z","8d23x2iuwgV4EoFEo88pnyIXmZ22","3d648376f4f0405588ef326577bd2c51"
"db7d82fa10b44b71986aba2bcf99a5ea","C#m4hIpaMlR3QvqRvGssGZnBUkY6B3","ü•∞üòç‚ù§Ô∏è","2023-04-15T09:18:23.724Z","m4hIpaMlR3QvqRvGssGZnBUkY6B3","6ef4272d011349a48f2511b183d82c24"
"5a0610f3f14c4da3b8f682a06720a6c2","C#v3ZV1rXHumTQvGJcpaPRvqPjzW23","Il faut attendre un peu pour jouer avec elle","2023-04-19T12:03:13.484Z","v3ZV1rXHumTQvGJcpaPRvqPjzW23","351554882d644bc69f3e5a33a76409c1"
"b9779fe64a304efeb6ddc22f48e89bff","C#fFfHGVq3cDTdJLWxil7whfQOPbH3","Bravo Paula. c'est tr√®s beau  et tu as r√©ussi √† trouver de beaux coquillages c'est magnifique  gros bisous √† toi et mamy et bonnes vacances .","2023-04-19T11:20:05.868Z","fFfHGVq3cDTdJLWxil7whfQOPbH3","5357d52da0fe4919b03e562e200637f1"
"300c2b87261441b09a4bfeb406d4010f","C#WTeodMVG8uaabhl8rZe6LlZyM2L2","""Champagne !!!!!!!!!! F√©licitation ""","2023-04-17T08:21:28.358Z","WTeodMVG8uaabhl8rZe6LlZyM2L2","918b05319d50464ea2746e9435084ed9"
"424a0105e4fc4e108e8c594b7741faad","C#oG6CehLAwlVYjCLmZTmj853lsrD3","""Ah ouais,  classe! ""","2023-04-23T11:52:41.530Z","oG6CehLAwlVYjCLmZTmj853lsrD3","c10eefb7b1874f248194ed9c448ce773"
"770741cb8cc04d3981238446c1bd481c","C#bd9YTSiIQ8PK60Ik665WS2nJvV42","Merci bisous ‚ù§Ô∏è","2023-04-21T15:31:25.721Z","bd9YTSiIQ8PK60Ik665WS2nJvV42","300d80ad66ac451b931989b205f0f3f0"
"12cce563350a48978da5a950763b11e3","C#TBVj2JzskSaO1qrfQUkyfABUkyJ2","Et oui vive le printemps !!!","2023-04-13T10:26:18.031Z","TBVj2JzskSaO1qrfQUkyfABUkyJ2","9994abef36394310b6bc08e6fa8262ad"
"c019c5ac7d04430fbe14b06843d836ad","C#YQG8Y1AvXhPPpBtzBicO8gghlSl1","C est bien la fille de son p√®re  !!!","2023-04-19T22:23:34.640Z","YQG8Y1AvXhPPpBtzBicO8gghlSl1","69e5d8095e6a46ed90ab5c22b75b73a9"
"ba519dcb1e9743f29a972825de703de9","C#O9Vz4jpYtTdG4RpKSOziqd9fKH62","Une vraie princesse","2023-04-14T10:41:40.039Z","O9Vz4jpYtTdG4RpKSOziqd9fKH62","9db30f2dcf6d4c6fa7b5161a54b2581d"
"415c655103e34c879b6566b84e16dc7e","C#R3DX3Gg5HcR9gt8n93N3cmfUPX93","üòÇüòÇ","2023-04-14T06:13:00.559Z","R3DX3Gg5HcR9gt8n93N3cmfUPX93","7d3aff0eca9d45e294a97c839da1005e"
"c844be19094a441583570a6dbc5c8845","C#OXD5aeXg5gWCHkr0wyzLcPC0vUq2","Mohhh les b√©b√©s üíñ‚ú®Ô∏è","2023-04-13T09:01:17.654Z","OXD5aeXg5gWCHkr0wyzLcPC0vUq2","8f80687278204fbc88bdfb41dce4e685"
"e0e69609562a464ab382bed9bddeee33","C#2B6epz41EAc8j3aOT59azgapzW73","Hahaha","2023-04-22T13:52:30.734Z","2B6epz41EAc8j3aOT59azgapzW73","71ff2d50f1ad4838b86e6687df8ad3af"
"8265af61f0624d91947fae950c90bf13","C#kyVjEkqiIFTytsuy3C1UD9J5TbF2","""Yes, une bonne Marche sous la pluie. Nous on se cache derri√®re ü§£ ""","2023-04-22T11:33:06.995Z","kyVjEkqiIFTytsuy3C1UD9J5TbF2","8ddaca91e6ee47c0849af5872098765e"
"754ab77049d744f1aa25947ab12a2633","C#Sr4RxlKriHgd0M6hvHR012qT1LJ3","Tres colore aujourd'hui üòÇüòÇüòÇ","2023-04-21T11:56:27.672Z","Sr4RxlKriHgd0M6hvHR012qT1LJ3","fbadcb3e8f50457d9e4dcd23faaa4cca"
"e18cc0ab915b47258f2cc11fc5ec2af0","C#47ab52iaM8S3mExu7amwCpZtS3v1","Les meilleures du monde tata üòÇ‚ô•Ô∏è","2023-04-15T14:08:43.244Z","47ab52iaM8S3mExu7amwCpZtS3v1","04c27a6a3de241bf8e2eca91a2a49512"
"4341165234914469991d2bc6d164c42f","C#0TnJac22Muapje4q0bQzanckgGb2","ü§£ü§£ü§£ü§£","2023-04-13T06:14:24.678Z","0TnJac22Muapje4q0bQzanckgGb2","83b064dd2e41459098cd6abbbb28dbc1"
"b146cadb4c974bd388493b81f37457d2","C#MTBipQIo9TT6K3WAelEs2yORS4p1","""Trop bien profitez bien ""","2023-04-18T17:24:19.246Z","MTBipQIo9TT6K3WAelEs2yORS4p1","ee618e559d3b4bcda991e7210c801df8"
"12050ac141514d9ea23148f2aa0a5fca","C#43cMV5L4YPXKhHR11TwK4RrkRkD3","üëçüëç","2023-04-20T12:08:21.046Z","43cMV5L4YPXKhHR11TwK4RrkRkD3","9be597baf7604b5391d9c7a3e61b5d37"
"b11ec74216b54804b370a034cf12f6a5","C#ETPUkJUMDacbgED9UhfD5U0SSBR2","C est ca üëç","2023-04-16T14:59:56.703Z","ETPUkJUMDacbgED9UhfD5U0SSBR2","92529c3a191d497ea32025f510be55db"
"ecf2ad4676aa484caea212877100ee0b","C#vct3vJGEqnVn0HI1Rk22z1rXltu1","Trop mignon","2023-04-16T19:22:30.524Z","vct3vJGEqnVn0HI1Rk22z1rXltu1","845737345c3244b89387c29bd9699bd4"
"7dc3a243d5074d94b435d872f9f2ca79","C#yeERqDETwVhY8h5CUvlp3JPGlWi2","Merciüòò","2023-04-14T10:42:16.156Z","yeERqDETwVhY8h5CUvlp3JPGlWi2","fb365da98e37422d88db46715233d127"
"ef97e6ce3ac44817b1523d079e417966","C#zjkXJPo9FzcBJwBeoDvifqP6erL2","üôè","2023-04-18T19:50:06.782Z","zjkXJPo9FzcBJwBeoDvifqP6erL2","e57e707693e542a9b6ba864573068812"
"8fa7a4fee317425a8c8efa02e6336381","C#5AIcaN3xP0ey40BZRNOkmNco6In2","Bonne journ√©e profitez bien ü•∞ü•∞","2023-04-22T09:10:34.756Z","5AIcaN3xP0ey40BZRNOkmNco6In2","587829bd28234ffa811359df92016079"
"26455689dd604294b5fd54749f7e5711","C#aW5wvoWkwkcmJU94KKEYtUpiFtU2","""Wooow! ""","2023-04-23T13:42:32.716Z","aW5wvoWkwkcmJU94KKEYtUpiFtU2","f400964cbfbc4d618f054b049e24e7d7"
"80391ae8c7e54e1ca308ce821834ae09","C#Xu9jOL4Ga7a7qox131kGE1Vu8hs2","La chaaaaance profitez bien üòç","2023-04-13T07:02:49.306Z","Xu9jOL4Ga7a7qox131kGE1Vu8hs2","ce1e7c8fe81f465a9ead9603372ce5ca"
"10f676ce6ee0480baaab57c42ace6676","C#znnzbtG61Lhoijn351WuycK6aq83","""Je cr√©√© des bin√¥mes ""","2023-04-19T18:22:58.672Z","znnzbtG61Lhoijn351WuycK6aq83","c25c62bf67454c43b55c2b65143be2af"
"55d67b6469e1430ca0f517fd534fd095","C#2ACUO1NnoQVmYohFq3KlIOyoPAE3","Elle m avait demand√© quel animal j aimais et voila et vince lui avait eu un renard","2023-04-16T20:41:34.216Z","2ACUO1NnoQVmYohFq3KlIOyoPAE3","98ff6f06fc884447a1e57857a346c186"
"3ce68b666a0441209d33074b01b157d1","C#1bgHz56b1BcDSFtcUKdFaTS2P9q1","On voit plus les video ya un pb technique !!!!","2023-04-19T12:40:12.440Z","1bgHz56b1BcDSFtcUKdFaTS2P9q1","ef6c7eb43be7413daa56865a63d630e6"
"b26900ab15424243aec2a3e2c76c80db","C#xnM7kh3CXLS3vGe0zuoUbrchHTA2","Le r√™ve ‚ù§Ô∏è","2023-04-13T14:10:17.740Z","xnM7kh3CXLS3vGe0zuoUbrchHTA2","cab14976e8084ff98cbf1354c2286dcd"
"17ebee921d904c90bf8af7bf4dfc8e3a","C#l3neGhj19PSdCFxWNx7r5kO6DIE2","üòçüòç","2023-04-16T07:51:54.661Z","l3neGhj19PSdCFxWNx7r5kO6DIE2","9f4b93766d9c40ae9dfae0eb6560755d"
"2ffd8bd9566e44278e5d114fb4931e79","C#W73xSsS0HwgHs5zkjkxXbnwhzt63","Bonne soir√©e √† toi aussi bisous üòòüòò","2023-04-21T16:02:08.390Z","W73xSsS0HwgHs5zkjkxXbnwhzt63","300d80ad66ac451b931989b205f0f3f0"
"09719e170832465bbb9e36015e9e597c","C#zjkXJPo9FzcBJwBeoDvifqP6erL2","Incroyable choupetteüíïüíïüíï","2023-04-19T17:50:12.217Z","zjkXJPo9FzcBJwBeoDvifqP6erL2","e19c9471fbb54a3f9232330ce18faa5a"
"697275c5fe444db3bb1d0bd112f03584","C#t4gfENEk3Jf6lTLX7aPy3TCM8dM2","En fait rien ne s‚Äôaffiche","2023-04-19T18:21:35.669Z","t4gfENEk3Jf6lTLX7aPy3TCM8dM2","10bd16d1121a46e18db8abbfca8de2ec"
"fe5dec27eabb4620b536f8c59271d501","C#eg1CFBpIXFOQhIWgFCxDDKcc4923","""Magnifique photo de parrain et la filleule ""","2023-04-15T13:33:38.441Z","eg1CFBpIXFOQhIWgFCxDDKcc4923","4a1815f6017647e78dd3ff8b12ddea40"
"c4d7d390e8e4464ea4307bcb67c3d37b","C#RbF4I2K1hOcaFKvePHRXo34axLh2","Mais  o√π as tu retrouv√© cette photo ? bisous et bon courage pour la reprise .....","2023-04-22T16:16:30.286Z","RbF4I2K1hOcaFKvePHRXo34axLh2","60d43e618fd64b1a94012b97996aaa99"
"e03f5ad58ba1499fa90d313032a6d5ec","C#lINGJdoZpfTrfFlFleh5f0p0eM12","Vive les vacances üòäüòäüòä","2023-04-22T08:30:21.296Z","lINGJdoZpfTrfFlFleh5f0p0eM12","c1677aa8e6874969acde25a6a8b9f17a"
"3b7cf7d8d9a743feb10f2e2df562572f","C#f58QGynGuyWkEeUyQfXYModaHSi2","Sans chico","2023-04-15T09:29:43.186Z","f58QGynGuyWkEeUyQfXYModaHSi2","840bff60a5df46e9b72e1f5df93f7549"
"e8e62ec3711241e3b0d143faff4fd26c","C#PenbFBPdx5X2uGBUQy0YwmeTZLj1","""Lafayette, nous voici !!!!....""","2023-04-16T08:55:55.596Z","PenbFBPdx5X2uGBUQy0YwmeTZLj1","a01b070e482642569dcdbcd0733cc49e"
"5927748169d44512a619651617222383","C#1h61sHtDQyeAcbz4GpoiWNO2Ps33","Ne fait pas cette t√™te üòú ce n'est pas grave. Moi je trouve √ßa tr√®s beau ü§©","2023-04-19T18:43:31.547Z","1h61sHtDQyeAcbz4GpoiWNO2Ps33","f59446503f0246c2b4d80c5b03e54124"
"cc7abf88b4c440eaa4095e710b8736b9","C#Jl5hmNy3dqNsjjLRITi2X2smF5G2","Pedro...!!!???","2023-04-23T08:36:06.503Z","Jl5hmNy3dqNsjjLRITi2X2smF5G2","9ce7fa4302704fd1bd9280758eb0bd0a"
"5dc5d33a1ac94b83823c3e9785b23913","C#hi0e4M3oxRYGi6Weiaedjw9LJqA3","Direction la cit√© du parfum !","2023-04-21T16:18:28.326Z","hi0e4M3oxRYGi6Weiaedjw9LJqA3","e09e00aea1ff40a181710b0eb0560551"
"fc620270745a45438267e80e4b05ad07","C#gjePIOovJnRN1uzOdenvIojOq7o1","Trop belle cette photo","2023-04-16T09:44:51.358Z","gjePIOovJnRN1uzOdenvIojOq7o1","dadcaf65f3774c849a99b8c54cb8fa8f"
"c5ac9cb86e2a41678d17776f2db9c868","C#jHk8f9HXfLSVVFPuC4y5NAkrzDi2","Les sacs sont ils recyclabes ?","2023-04-16T09:00:57.823Z","jHk8f9HXfLSVVFPuC4y5NAkrzDi2","8f84b76b601b410a86609575e46dd95a"
"2f6e6a9f3b8f41df8feee7108bc40913","C#Sx5zvNTrROMnzuyf7Yc0DojWW6q2","ü§£ c'est pas beau de se moquer !","2023-04-18T14:59:19.646Z","Sx5zvNTrROMnzuyf7Yc0DojWW6q2","1c61defd2aaf471682955d916c3a159a"
"c790019a65a04c5381263b37df475699","C#LLDn8GU42PQoo8RuIYwVVm1rY882","Joli","2023-04-22T15:03:10.968Z","LLDn8GU42PQoo8RuIYwVVm1rY882","14620b324a2441c6b33bb85d4fb775a1"
"a53b5027740340d0bf0b5824e7013b63","C#64c5m1GYNnb4mKsxol42SPgQbXx1","2/3","2023-04-18T14:10:51.397Z","64c5m1GYNnb4mKsxol42SPgQbXx1","9cf89cbf00b144c18a51d47d08b9bb44"
"652cb53939f44110aa22fb3672a5e942","C#EBzuSzka6ST55pS6Y0wEXeRgy853","J'adore üòç","2023-04-13T17:49:04.749Z","EBzuSzka6ST55pS6Y0wEXeRgy853","c2c9827fbf9742808e7bb8ded73fb5ec"
"dd554ecd2fe047eea1cc5f44f73f2e6d","C#NrF57U0dM1c9iniipCVJUZTWVlx2","Hahaha ouais jai r√©alis√© ce matin","2023-04-22T11:38:35.903Z","NrF57U0dM1c9iniipCVJUZTWVlx2","15957f54e7324820a2824a957f1924e2"
"e9823b2a84cb4f90bb7238d188845839","C#t8Yav4VNMHV3slc2fLaz7PyVDIV2","Dommage au d√©but de ses vacances pt ch√©ri ‚ù§Ô∏è‚ù§Ô∏è","2023-04-16T09:36:33.817Z","t8Yav4VNMHV3slc2fLaz7PyVDIV2","355051d6ce2b47b29971fde5e945de14"
"0da31c8e009348749b95f65923bd8301","C#tvPULpRx1KTllG4eEJROeln9ukM2","Quel popotin ü§£","2023-04-17T20:10:18.293Z","tvPULpRx1KTllG4eEJROeln9ukM2","352d06e9361f456185718613a9f4017d"
"dab45744bd3b46db9c04b3ca1aecfe44","C#6lWQlUhKD1cNcgZTWS2Wr4Op9Hd2","Le ptit minus de la street","2023-04-19T18:56:47.598Z","6lWQlUhKD1cNcgZTWS2Wr4Op9Hd2","784ba3fab5ce40eb9cdef2fba013d41b"
"ed7226a3c87849f6b2395417955ac1f8","C#PiwHhHigZYf6bbUswuJ7qHw5tNz1","Les machines de Nantes et son √©l√©phant üòçüòçüòç","2023-04-16T07:46:02.263Z","PiwHhHigZYf6bbUswuJ7qHw5tNz1","223614ff229f45c69f1b402fb377c3a8"
"f57eecc141b948f3b36a2ddc8dd0f3e6","C#b9ouT60T7IVL93ytenLk9q7jJKx1","Ohhhh ma beaut√©!!!! üòçüòçüòç","2023-04-21T17:39:24.370Z","b9ouT60T7IVL93ytenLk9q7jJKx1","697efdc1e9b34007838d64fda8107c5a"
"71cce6ff4c9c4ca5af978ba1f060a5c5","C#tMO9R4nmpEX3bIs8uGjsmhBmV2u1","üò±","2023-04-22T11:39:21.901Z","tMO9R4nmpEX3bIs8uGjsmhBmV2u1","5ae38e57b550452884344960849ff03c"
"b899004183e24923bf7783f27a5a015f","C#hthfmZ4fm5STIilCAqEJZSaNBFn1","Super profitez bien.gros bisous","2023-04-17T14:27:41.243Z","hthfmZ4fm5STIilCAqEJZSaNBFn1","5c1c2e62a3a549f79bf2bf5082b03cca"
"26a22b8b36bf45dcac15e9a4e5e5933f","C#FIE5qevOCrYIr1MmMqPy0NeOsrS2","Trop chou ü§© Joyeux 11 mois Tom üòò","2023-04-23T09:50:52.287Z","FIE5qevOCrYIr1MmMqPy0NeOsrS2","8adba56f5200476da0b525b45dd349ae"
"463a1edb60564bd6867cfb41bcfb8640","C#bd9YTSiIQ8PK60Ik665WS2nJvV42","Mdr m√™me pas elle ne l'a pas trouv√©e ü§¶‚Äç‚ôÄÔ∏è","2023-04-17T10:14:49.310Z","bd9YTSiIQ8PK60Ik665WS2nJvV42","07747ffbc2454298990d07832f13aee5"
"1d833ec165ed488198e9217a04ec7e0e","C#mQJc6NEJaVSKuY4rEZAr6GTEWjf2","""Je l'ai pas fait celui l√†, il para√Æt qu'il est bienüòâ""","2023-04-20T04:49:38.670Z","mQJc6NEJaVSKuY4rEZAr6GTEWjf2","31fd58efcb4740429d238dd8dca8c136"
"138e29c8ce8a4765a2cc0a8ac93c6c06","C#SEkbTXSujmbxxGCO2dWTv3VaMwl1","""Oui ! ""","2023-04-15T13:20:35.484Z","SEkbTXSujmbxxGCO2dWTv3VaMwl1","21fa541b893842a2b63d2a653326d48a"
"4c555a0353d04c48998233ddeacc1ee8","C#vqHgSgG2YaO9Da9hJslo87Eireh2","""Bravo mon bebe ""","2023-04-15T19:30:14.537Z","vqHgSgG2YaO9Da9hJslo87Eireh2","4fd0c8db274244469fc69af37a61e22a"
"7e0bd8fffba943eb9a85257416da9f9f","C#vikKzPVzkQb2uzR8N84m2rxatF63","""Oh cool.. ""","2023-04-19T19:13:31.687Z","vikKzPVzkQb2uzR8N84m2rxatF63","55fa885b0efb4eaf82afb6e7d0006d8f"
"5648675b593a4dea9202d3fde8ec836c","C#JgtirFH1MbaTvmyPhPRhwvz29Cu2","Mdr","2023-04-17T06:06:25.843Z","JgtirFH1MbaTvmyPhPRhwvz29Cu2","da06f7d471f348c2bb8d691ba84c27f8"
"e0beaf516d964f7c8d0fe26926a9d7ed","C#I603WPjDOvOCM2mAHhLfnZf8s2m1","Oh bravo le photographe qui arrive √† se prendre en photo en m√™me temps que le mod√®le lol","2023-04-22T12:18:10.595Z","I603WPjDOvOCM2mAHhLfnZf8s2m1","65e73a7c437c4bdeb62da5d934cbaeb2"
"c5256fa52a6647568c33debf64f8bf23","C#b2m8aX2yz9btXJ0PJFgqCrQNLvE3","Avec plaisir on sera la üòú","2023-04-19T06:49:19.867Z","b2m8aX2yz9btXJ0PJFgqCrQNLvE3","a7f38fa5b74f4f0f92dc2408ffc10cac"
"6acafc96bf0342db991e238488792dfb","C#GKmFAroHCHWVY97l65pqbtM3u912","""Trop belle bisous tatie sylvie ""","2023-04-22T12:05:46.647Z","GKmFAroHCHWVY97l65pqbtM3u912","59c8f868c5b545e5b422972d7512e9dd"
"04b2029073e2487aa3f1c98747889013","C#YAp50dsIILZbH8XrrqIcIc0lHn82","""Whaou...superbe endroit. ""","2023-04-13T10:25:16.507Z","YAp50dsIILZbH8XrrqIcIc0lHn82","35d4496626234922a6a75ea2b88d6219"
"1aefc944255c4d319f70421d4ea8ed11","C#iVMZh4f5NnM8fJjSdJNazaUCEJ02","üòçüòç","2023-04-18T19:39:40.969Z","iVMZh4f5NnM8fJjSdJNazaUCEJ02","20a996f05bd44974aa196ec203019554"
"10c99e8ab4984b208482bcbcbcc20b9c","C#rslcFAu7KUNUetWhSwFYlj7PMa92","Pourquoi les photos ont disparu ?","2023-04-13T12:53:05.948Z","rslcFAu7KUNUetWhSwFYlj7PMa92","76c31c988e0a4ed69853d8040ead665f"
"8247ff0a19ac4ab38b517fb9a734f192","C#JFzNcYpFrVMLOMfFrCABoUT0Loa2","""Vous √™tes tr√®s heureux ""","2023-04-22T15:01:43.487Z","JFzNcYpFrVMLOMfFrCABoUT0Loa2","a912281d5d984a30887f5025b31a94bf"
"6a5eee8dfc0e452cba4af4c073fe9f6d","C#1doMoTwg2abohb2eGJ7f0Fx5c8J3","""Toujours aussi mignonne notre Cl√©mence ""","2023-04-19T16:36:53.046Z","1doMoTwg2abohb2eGJ7f0Fx5c8J3","d3922e6ba37945ab9a772d4cb4fd0e34"
"db44a01132eb493fb6d344b721ceb9d5","C#fUBket2eLTe8onvWFdBLxkquR5r1","La pauvre  cherie  n ¬¥a pas l ¬¥air  heureuse...mais Anna sera encore plus belle apres car il y en aura plus....bisous","2023-04-23T05:49:07.874Z","fUBket2eLTe8onvWFdBLxkquR5r1","069fd9cce3174f4ba9506eff26fc1f40"
"f34382aa8f6a43288d4d4932ce91e559","C#7RbnOZ5oyjSQHeSucnI5YjcBZkx2","Merci beaucoup ‚ô•Ô∏è","2023-04-18T19:12:29.675Z","7RbnOZ5oyjSQHeSucnI5YjcBZkx2","f55cc0880ded4ee1a7d6b752634c36b3"
"613ed0fcbbfd4cca9f7cec15a3078955","C#00wDRdd6a9fQRyPIT2nUDXGr9P43","Je ne sais pas encore entre ULA ou UTA ?","2023-04-20T20:50:09.900Z","00wDRdd6a9fQRyPIT2nUDXGr9P43","680c822bc5be4618b224643ea30924d9"
"416f2c6d28db49a09e57589f44264449","C#9Vpm7SnDOmWBl8AUeVLOI6dXsEw2","Mami dit que vous avez du chien üòÖ","2023-04-15T16:48:15.986Z","9Vpm7SnDOmWBl8AUeVLOI6dXsEw2","eb1486b3aa944455984221a56df050d9"
"a5672ae23c364b18bd4d2184781136b0","C#XRfHGH7KOBVf2h2PIXV6ZXk2VUH3","üòÖüòçüòòüòòüòò","2023-04-15T06:17:39.589Z","XRfHGH7KOBVf2h2PIXV6ZXk2VUH3","a3692c07584b42b08e2b9e0bd0470be6"
"6647391c6d304e89834aeb05e4332714","C#52SGTURZXLZHHICoAPaWEkVYoD92","Oui on l'a re√ßois cousine mais l'application beuger cest dernier jours ü•¥","2023-04-15T06:34:48.180Z","52SGTURZXLZHHICoAPaWEkVYoD92","2382ba004bb54e658b72ec828c07f25f"
"d23e267dae8a4b78bf499dcb329c10f4","C#qQeTanIUapZAZwUr5XArcyaqdCG2","Oh mon dieu !!","2023-04-21T16:03:01.685Z","qQeTanIUapZAZwUr5XArcyaqdCG2","d9fcae14de7a481199a245f4c48cdf8a"
"0a9cadfadc8d4022b7aa244eff9bd912","C#Ba70TRTiridEc4gm6ZKSrfom30I3","""Ah mes carr√©ment au top comme Tjr ""","2023-04-17T19:26:37.928Z","Ba70TRTiridEc4gm6ZKSrfom30I3","0aca68c9d70144bc832518f450716c0e"
"cfcbc8c4ab464f2990d540164660868c","C#wpPrWufZHpc0Y21l64VipcNeUw63","Oui tout √† fait ! ü§£","2023-04-23T04:32:30.190Z","wpPrWufZHpc0Y21l64VipcNeUw63","130f9b689cea4760bf79c27db6013548"
"ead74bcb59d34a2a9d22d86b33c1e9e3","C#6hkDwyYLchMrsn90mLyQEDkR0fC3","Trop forte üí™üí™üëèüëèüëèü§©ü§©üòòüòòüòò","2023-04-19T15:09:01.672Z","6hkDwyYLchMrsn90mLyQEDkR0fC3","2b4d7cf19bde45979f1bb9c17cd5030f"
"ce7dfdd54fd445b88bb306e8c5680022","C#TtfMayg4ONQuRjCxcGFmPqFsdBA3","""Tres jolie ""","2023-04-21T07:44:46.346Z","TtfMayg4ONQuRjCxcGFmPqFsdBA3","0f14b7085c3641869532ddf4c1d78abf"
"4bcc12917a9543789b803e467fdf9f3e","C#LkGAknENkRa13WYSxITrrjo3tXL2","""Pique nique √† Goulien. 16 avril ""","2023-04-16T13:00:41.236Z","LkGAknENkRa13WYSxITrrjo3tXL2","7932029d639745e297f8652bf336a205"
"dae61f7784244562b9c3e22a67b15c15","C#ZMzgYQkTy8acQ9aqdj0NFwfOm8C3","Humiliation publique üò±üò±","2023-04-13T18:05:10.364Z","ZMzgYQkTy8acQ9aqdj0NFwfOm8C3","0194dda90e774c8d88f2f2ac91043c8b"
"ad2648c333bb408fabe143ade08d929b","C#O5U25fIJ6BZ73rod5GZ9j2c5BlR2","""C'est trop bien cette balancoire !!! ""","2023-04-18T16:57:08.663Z","O5U25fIJ6BZ73rod5GZ9j2c5BlR2","3c018e7795e44899afadd32602fac69f"
"8de7745472a3449ba77db5305fd86019","C#27G3ImP6TzQfkB0bCg92r1oitxS2","Lol je valide","2023-04-16T10:20:05.681Z","27G3ImP6TzQfkB0bCg92r1oitxS2","0ffa3134bfd8495cb9a6439e95d5422b"
"0f335b35cd8b4a3cb952e37e7a0240fa","C#dXcRaRSA0XXY92MgXDDKNNAivih2","adorable ‚ù§Ô∏è","2023-04-14T17:33:42.095Z","dXcRaRSA0XXY92MgXDDKNNAivih2","f5174c9bb2ca4e61991c332b30b8b966"
"3f35fa34314342fab5dbc556aa2f030e","C#V18SmfcvjTeL0nw2WjmJ3bdRq5E2","Ou la Box n'a pas support√© le magn√©tisme des pierres lev√©es et de son elfe !","2023-04-12T21:47:46.169Z","V18SmfcvjTeL0nw2WjmJ3bdRq5E2","0e972146ecea48b38ba8c685ca276dc5"
"9c92e4c6a57847e5ba5a3eeeda146bd4","C#m5CnzxqoenXag4zbf6Z1GPxNS1B3","Je suis fan üòç","2023-04-15T17:16:28.355Z","m5CnzxqoenXag4zbf6Z1GPxNS1B3","ccbdda8f91cd4efda42f324b05f2705f"
"a977173d895d4b27b63236e9e1f69d49","C#i5z6MfmhnBMNC8vCspqjggLgzlj2","""Y sont ils nombreux ?? Peut-√™tre n'y sont ils pas tous.... ""","2023-04-21T16:08:11.274Z","i5z6MfmhnBMNC8vCspqjggLgzlj2","90f04186372e4b51bc282cfa43343f06"
"3b0b2659c387465d9de37f17199ace94","C#t6M16P2NcIhmlbKS3yOOlAW6je22","C L√©l√© qui joue au foot ? üòä","2023-04-15T09:44:18.503Z","t6M16P2NcIhmlbKS3yOOlAW6je22","069a374eef2a4330858d6c0c5976dda1"
"b324a9efa97e4198a4d21e5bae02738e","C#C3p2U0RznUXmBQ0Jy9r5IDvIEQV2","Ca bosse......üëçüëçüëçüòò","2023-04-22T10:08:34.710Z","C3p2U0RznUXmBQ0Jy9r5IDvIEQV2","924f727356bb411886ebf9edeeadfee8"
"d6f219a2f8254e3a9799520725f86162","C#snKXh1FoztRSVjWQ1zOVoOeYtbm1","""Attention quand m√™me ""","2023-04-13T08:45:12.359Z","snKXh1FoztRSVjWQ1zOVoOeYtbm1","cb7cf1729672489b9d8c7581b1cd40e2"
"0a658291dcfe4a93aff6237dfe0b58b2","C#DIssUS4jcgPzBXz04AMNZZ5jIHr1","C est balo!","2023-04-21T15:58:59.958Z","DIssUS4jcgPzBXz04AMNZZ5jIHr1","e65cdf2af8cc4f1b955983473daabc2e"
"7ffd0d51aab04ed0a05764389b4a1e32","C#7ArGwXl4jfWNTpRHMBDH324ZLhr1","Tu as d√©j√† le baton pour faire le chemin de compostelle....","2023-04-13T20:46:40.068Z","7ArGwXl4jfWNTpRHMBDH324ZLhr1","0a4c4b6ef1a34e9fb182abf7ca8abe15"
"64635716f2524e84892bd18de82f609b","C#W73xSsS0HwgHs5zkjkxXbnwhzt63","Oh la la il est arrang√© üò±üò±","2023-04-21T21:30:35.436Z","W73xSsS0HwgHs5zkjkxXbnwhzt63","6985617745bf445e8a2c9bd715ba1c43"
"0e51d793519e4a31ab68d61bf1cde14d","C#vHEqolPFhdh80pJy3CN1hE1UkET2","C'est pour qui le deuxi√®me verre?","2023-04-14T18:38:16.697Z","vHEqolPFhdh80pJy3CN1hE1UkET2","43ce092056684d93b260b6748f7a1176"
"6b6efe9f3ad4493fac92de7b10a183c6","C#ULeQrdzNPZWae2ziB4tDyfge8IC3","Bravo ü§©","2023-04-23T07:25:54.768Z","ULeQrdzNPZWae2ziB4tDyfge8IC3","a636415513114597b96db9a77d3c3f58"
"6d3cb8035f584f51a017a9917849bf97","C#8Q7AW8WU6xQ0Os5kkr9BbR3py5I3","""C bon on a tt, maintenant on attend les bonbons""","2023-04-13T17:40:01.295Z","8Q7AW8WU6xQ0Os5kkr9BbR3py5I3","576263f73a7f4402a7126addb447e41b"
"9425e74d40eb464584e48f6d371214de","C#vjlP54j8p9hfDl69sfrvCU0TCBv1","""Am√®ne lui le mod√®le le 23/04 peut-√™tre que son petit fils la remotivera. Bisous. ""","2023-04-15T07:29:06.049Z","vjlP54j8p9hfDl69sfrvCU0TCBv1","b0829f57cab74b97ac1a2459e4c4139b"
"b09a807edf17404697ca3374fa817e83","C#szRmFBdmeeeWQ5CR79t9LijCWbh1","Vivement les prochaines !!! ü§©","2023-04-18T20:12:42.900Z","szRmFBdmeeeWQ5CR79t9LijCWbh1","7a0dae11ec644036a17aaa4ad26c07a2"
"0e41a6af523340f092c499d744658710","C#OgPO6ctL1RbogOoNAicfbtQeTBz2","On s‚Äôendormait par contre nous ou alors on chantait super fort üòÇ","2023-04-18T16:02:14.327Z","OgPO6ctL1RbogOoNAicfbtQeTBz2","9f608b812a184b939cf4ad6a49610e6e"
"acbe13f25abc4ea7b4ab569d62123414","C#Dt546gNFmPWmBg4EM9CpHbS1Btr2","üòÇüòÇ","2023-04-18T06:21:11.822Z","Dt546gNFmPWmBg4EM9CpHbS1Btr2","6f6bb2973e104d49a310fc057f977b50"
"60b30213e8164543a1b967824b443161","C#bwvfRK82MBMjRQCyAKV9AFYe7J63","Une noix de ... ?","2023-04-21T15:53:43.154Z","bwvfRK82MBMjRQCyAKV9AFYe7J63","256744ec0a044c2699ffb72a8c1cc68a"
"8d545f94fb8c45c09284cb1c477b4fc9","C#F4MWLDDYzbgO4ZtaU5LhHwgpXG73","""Oulala je ne pourrais jamais conduire un truc comme √ßaüò® tu emm√®nes √ßa o√π ? ""","2023-04-21T16:09:55.783Z","F4MWLDDYzbgO4ZtaU5LhHwgpXG73","e09e00aea1ff40a181710b0eb0560551"
"0d221997b3654593bfccd689ada5dd30","C#uAJsJPTPXNMT4t9VukPRXTHbREp1","Waouh  !","2023-04-18T17:43:02.966Z","uAJsJPTPXNMT4t9VukPRXTHbREp1","9837a07766964a87a19dd4e2468aca77"
"9f7fbda820ff466e9c81d6778d4c7226","C#GDBXkrZk2ghSlRIeDerDRJZe7br1","""Elle est belle,  en effet elle a une grosse fatigue ! Ces petits cheveux ont fonc√© ‚ù§Ô∏è""","2023-04-18T17:24:49.834Z","GDBXkrZk2ghSlRIeDerDRJZe7br1","7f94a8b2bdfd498b941d73d4e88dd918"
"23d76d2eca4244dc8ec2a12e0db810b6","C#OXD5aeXg5gWCHkr0wyzLcPC0vUq2","Mohhhhh sui sont beaux","2023-04-22T12:36:06.171Z","OXD5aeXg5gWCHkr0wyzLcPC0vUq2","d51bbfceea694a45a53d8b54495d8ab9"
"58b075f44b174711acfc6f3340b9ef71","C#1oEY7g2XNtc3ukENTYfQICuA7rO2","Merci pour elle gros bisous üòö","2023-04-20T08:49:54.694Z","1oEY7g2XNtc3ukENTYfQICuA7rO2","88f798561c3146f2ab8e0bfca1cd6b12"
"32d3fbb81af64b46af0f59375bbb97de","C#Uaj71CMVbrO16mPZdtU579lEQRB2","F√©licitations !! Bisous ü•∞ü•∞","2023-04-21T17:37:10.360Z","Uaj71CMVbrO16mPZdtU579lEQRB2","c1a636916d53430c99a04abdf0b6ea1a"
"26346378bbe845d5a1c5e54d7ca0269f","C#1doMoTwg2abohb2eGJ7f0Fx5c8J3","Belle  photo","2023-04-19T16:34:00.663Z","1doMoTwg2abohb2eGJ7f0Fx5c8J3","f2d7403459544da1ba9a643f8a23a3f4"
"5c1eeaa200b94442a3405d5c3c333fc6","C#jCwfOKx9V9ZWDM6VDeZjMxA8PnD3","Bravo LM","2023-04-18T19:52:16.216Z","jCwfOKx9V9ZWDM6VDeZjMxA8PnD3","a0a12b42f8234fa0811f80ceb1c972db"
"a4ff1e5294854c79b49a48a046d371c3","C#K2tFt00vFPdLq1SjOOPff4hxNwo2","Bon volüòò","2023-04-16T16:40:43.532Z","K2tFt00vFPdLq1SjOOPff4hxNwo2","175cfeb595864168a410ef92cff7c38b"
"2d4f3c6c252d45619547b4c0fe180b4b","C#5xCawolxHEatjeMAHuyWmB991Q43","""√áa marche ""","2023-04-14T09:51:41.970Z","5xCawolxHEatjeMAHuyWmB991Q43","f7fadc3746b64fc0a73dfe008bb95972"
"8536bf462a7246ed8c103a317a42690b","C#1h61sHtDQyeAcbz4GpoiWNO2Ps33","""Non c'est un h√¥tel, le resto est √† gauche ü§©""","2023-04-16T19:00:49.760Z","1h61sHtDQyeAcbz4GpoiWNO2Ps33","06703c17ebd34f91b6146f10a0eba1e2"
"d9dce66c4e4f47d0b9134b75a4be18fa","C#bd9YTSiIQ8PK60Ik665WS2nJvV42","√áa me fait pas plaisir Gabs mais j'ai peur qu'elle bouffe des c√¢bles üò±","2023-04-17T10:16:09.024Z","bd9YTSiIQ8PK60Ik665WS2nJvV42","07747ffbc2454298990d07832f13aee5"
"3fbdf43869e84cf8a40c436e97d7cb0d","C#dEXZ9MWS9pRpDeH4BKxWZepDEbs2","Futuroscope de Poitiers ?","2023-04-13T11:28:21.742Z","dEXZ9MWS9pRpDeH4BKxWZepDEbs2","b039c2f883374b678abb2150f31116f0"
"764280acd1d0471ca4132660d900af06","C#iLXlirzF4QRS37x5miv8YqrApTy2","Ouiiii un grand et beau gar√ßon ü•∞","2023-04-19T20:12:17.175Z","iLXlirzF4QRS37x5miv8YqrApTy2","f98fe84512db452ebac1a75f93d7cf02"
"6b745c9796764dfa8d76b4c3e7148994","C#EBzuSzka6ST55pS6Y0wEXeRgy853","üòÇü§£üòÇü§£","2023-04-15T18:05:41.118Z","EBzuSzka6ST55pS6Y0wEXeRgy853","77effd53ae764d77a4bd92ac4005f386"
"e2b61c83983e409683bfd6ba61b7c3c6","C#FH8U3w3wQrNagt1fStncTnJlVX23","Pas trop mal au fesses les filles ?","2023-04-19T18:21:00.129Z","FH8U3w3wQrNagt1fStncTnJlVX23","4f6fc77589424697ae15ea59cdf72563"
"c88cde12af2041a6988fa819fdcf1cd1","C#WlCt3l6Vsve0Dw1zh3V0eMU9eJc2","Bon d√©but ! üëèü§ó‚ù§Ô∏è","2023-04-15T08:55:44.191Z","WlCt3l6Vsve0Dw1zh3V0eMU9eJc2","663b242fbd25464f8f27507b7935b760"
"30380c3c27984d78bbffc9e97d65e0f6","C#tRgyDJ0Cc1QcfSgGcsO52SDJwE92","Vous avez bien raison ‚ù§Ô∏è","2023-04-22T17:51:22.127Z","tRgyDJ0Cc1QcfSgGcsO52SDJwE92","2ca5a0dd520a4780944cc7497e19b0cd"
"bc6613de786d4522b418aaf20e519771","C#UelBhb4me1XfuRizoMCGoBRj1Gh2","""Oh les touristes ! On a mis la creme ? ""","2023-04-19T14:16:53.862Z","UelBhb4me1XfuRizoMCGoBRj1Gh2","5a8e1c61c98b4b0cb5ee639c5b9c2193"
"d068109e129747eaad7a63ee4a962bc3","C#pDAzbZPyRFX8NluxYyvNaH3d7aY2","Il est magnifique ce petit Swan üòò","2023-04-22T09:48:24.829Z","pDAzbZPyRFX8NluxYyvNaH3d7aY2","21b524aca361475e8aa0d864dbdd780f"
"4ee881568c30486ebe2468ae32feef2b","C#yqRuJVKB24UwQC1CszIVbhPmj5L2","""Miiam j'arrive ""","2023-04-20T05:09:02.075Z","yqRuJVKB24UwQC1CszIVbhPmj5L2","fc46c6bda6b84d00a5b5e5a81bd52104"
"666a49878f054601a7653cb356872a4e","C#aTXENj33tIRvAl1Vbw0wQF6LjHx2","Pourquoi 1en √©t√© et l'autre en hiver .....","2023-04-20T12:32:04.637Z","aTXENj33tIRvAl1Vbw0wQF6LjHx2","cbbd395a74304b3ba7d1757f9dfa8314"
"54627481dc5e422ebea40434fe892fbd","C#fpLwzPuFlYVr5oTJsbDkGFLCtLu2","S est super","2023-04-17T17:15:26.715Z","fpLwzPuFlYVr5oTJsbDkGFLCtLu2","b694d22389ea468592b6f203794d5410"
"117289efa6444eecb4af2d94b16b30ea","C#m5CnzxqoenXag4zbf6Z1GPxNS1B3","Quel bon vendeur üòÖ","2023-04-13T17:53:42.111Z","m5CnzxqoenXag4zbf6Z1GPxNS1B3","4d9094af50994cbea4dc3d31dfffa370"
"d9862220e97344d48c3d184733343fad","C#bM9dOJcfEyaATBQXxj6uMYokwqH2","""Dur dur Thibault ""","2023-04-16T15:11:05.454Z","bM9dOJcfEyaATBQXxj6uMYokwqH2","6acfb9fba11f4cdba068f59ad05616dd"
"d19d31544cbd42fe8e392f9ba1273133","C#CBAy0reCFRU7s4YYm1jAjZcKj2T2","""Une noix de coco de mer, la plus grosse graine du monde üåè""","2023-04-21T16:01:44.015Z","CBAy0reCFRU7s4YYm1jAjZcKj2T2","256744ec0a044c2699ffb72a8c1cc68a"
"180f52979e064fe38b4c259e716c57ae","C#P3sQwpgeNuSkTRVlYMugKNRzuqo1","ü§£ü§£ü§£ü§£üëçüëçüëçüëç j'adore. Bravo mon loulou. üëèüëèüëèüëè","2023-04-22T12:53:57.470Z","P3sQwpgeNuSkTRVlYMugKNRzuqo1","85b7f14af60e452f9735ba4869a7faea"
"62a90916fb2249cd814d1570d0115ab7","C#T6J8EgA4Dqebqnkcjx6yzxee4rE2","Super on ira faire un tour quand je monte!","2023-04-19T13:18:27.076Z","T6J8EgA4Dqebqnkcjx6yzxee4rE2","12ed709c27d74a5cb2892f21eefe4e4a"
"cfa3f5dbe417439591b19a746eca5ced","C#WlCt3l6Vsve0Dw1zh3V0eMU9eJc2","Bonjour mon p‚Äôtit Ambroise ! Tu es trop mignon ü§ó‚ù§Ô∏è‚ù§Ô∏è‚ù§Ô∏è","2023-04-13T07:53:15.029Z","WlCt3l6Vsve0Dw1zh3V0eMU9eJc2","99c04a0cfbd44fdda616a2fac231c552"
"2a3b6e8d4aa84745ab91d8d1d7f8762a","C#IGL4JAa7G6Ne0E6rBgVkcmp6yvj1","""Encore ? ""","2023-04-16T19:28:52.202Z","IGL4JAa7G6Ne0E6rBgVkcmp6yvj1","cec376b3d782451a81a91d41b9e19fa3"
"90fdd8cc796d411193b055ae677b0c04","C#hpgU02Yg8eba8ldiTYNVc0dcIRe2","""Je vois que Math√©o a retrouv√© sa maison , Maman et Papa ü§ó gros bisous √† tous les cinqüíó""","2023-04-22T19:50:55.395Z","hpgU02Yg8eba8ldiTYNVc0dcIRe2","39864aee52404786b27bdb5de96e0143"
"43f22b491a91473cb035e5ba655bbd98","C#sIww2tl5zvXUeqKGqvAtVxLoBpq1","Les petits Cacheux üòò‚ô•Ô∏è","2023-04-17T14:57:48.221Z","sIww2tl5zvXUeqKGqvAtVxLoBpq1","66635d64a2d844b4834897c8ea275573"
"124f3bd3e75d4c5fa44ea39e118408b9","C#YAp50dsIILZbH8XrrqIcIc0lHn82","""Elles sont en chocolats üç´ ""","2023-04-23T10:22:42.729Z","YAp50dsIILZbH8XrrqIcIc0lHn82","e47e1fe1d0534bafa25d5c8d2a19eef1"
"fc2c498c3ecf4b9088f7092a5c3ca014","C#gtK98wcF2Ud1J8ySKCv1WgopCXz1","Pas mal dis donc","2023-04-19T19:52:30.740Z","gtK98wcF2Ud1J8ySKCv1WgopCXz1","b61bec3f96064edb89041ac1a27e6d03"
"d603f6672bc24d738e81e75f4a8506b0","C#YUSbimRA1tVvuZhcMaIugGMeSBd2","Joyeux anniversaire maman üéâüíöüéä","2023-04-18T10:53:48.247Z","YUSbimRA1tVvuZhcMaIugGMeSBd2","93df719bca3941398fa9ce83020d2996"
"dc127cf11c244750bc3d4f70c964c5b2","C#5AIcaN3xP0ey40BZRNOkmNco6In2","Super !!! Qu'il profite !!!üëçüèé","2023-04-22T10:02:39.041Z","5AIcaN3xP0ey40BZRNOkmNco6In2","d08c9f1fb69545289dd9f7d0d0934fad"
"0f0e22932626459cb91718e0caa84797","C#o5CQ692XYASeiUHUKcw4RLEIaoH3","""Belle petite cavali√®re ""","2023-04-16T07:45:33.438Z","o5CQ692XYASeiUHUKcw4RLEIaoH3","9f4b93766d9c40ae9dfae0eb6560755d"
"787d985a798c4cd99073c7cddeaee61d","C#9iDjjxDpMNSXsAC3njLpdbZfjkj1","Non üí™üèª","2023-04-20T15:15:12.297Z","9iDjjxDpMNSXsAC3njLpdbZfjkj1","d16fbfd58fac41bcbb08bdc7f59eaa99"
"0b094cbaefa14bb7b402d09ab31fd677","C#jAEeX6nuNRO9rqzLsTeUxL96A5F3","Elle a bien dormie??","2023-04-17T07:55:44.925Z","jAEeX6nuNRO9rqzLsTeUxL96A5F3","425ddc0c4d4940e480e0b1402b37be00"
"48b10a9f315b431c919724b412abe9d1","C#aq2bofBwt7SAEgc2ciXXAky6fox1","158 ans √† nous deux ‚úÖ","2023-04-15T07:05:04.765Z","aq2bofBwt7SAEgc2ciXXAky6fox1","f6a4cfcfb1be4657a21136a94a3f6fd2"
"63a276c913b44587b9df145a8303a7e4","C#nhFkeNUe4VQuDlLzTMx8aRzjKue2","üòÅüòÖüíã","2023-04-17T14:32:33.358Z","nhFkeNUe4VQuDlLzTMx8aRzjKue2","603d3589bc364e0a8a4ee5b8792ac1ad"
"32bdeaac47664e0f8580fc7375f81cea","C#mF887ILSI5Vzf7rFX4Sr8WUKL9T2","""La cr√™te, bonne id√©e pour supprimer la franche üòÅ""","2023-04-16T17:43:53.757Z","mF887ILSI5Vzf7rFX4Sr8WUKL9T2","f5fc9e0c49ee4906afce3a57ae61457d"
"235947d45d184dada013d6c347aa1ef6","C#Vd37D6IsT6TShHJJq3rXI9DSzPD2","""L'oiseau bleu ! üê¶ ""","2023-04-20T11:26:50.703Z","Vd37D6IsT6TShHJJq3rXI9DSzPD2","b95f3c74d297460bbac1d52d9bc356e2"
"a3d36c910650485eb550400b90c1fe6e","C#CtwJOYrJY4eW2uck1NzlyP8zM1t2","Eheheh pas mal tiens !","2023-04-16T19:20:36.575Z","CtwJOYrJY4eW2uck1NzlyP8zM1t2","fd9cfb48d0b64ec5a83cc9ae855f5a3a"
"a6b248a2c4c84c64abd7f26cfb157571","C#bfUXRPGSSpNYqwZYeEbQJiEns1j2","Laissez moi sortir...s'il vous pla√Æt...je serai sage !","2023-04-22T09:25:04.789Z","bfUXRPGSSpNYqwZYeEbQJiEns1j2","28692c5985074074b8b7158bfa5fce99"
"9fa5dca41ae941cfb8a5c3dea36dc8a1","C#el0Le81x5LT1y6F9FxZGKOHN2qo1","""Impressionnant..!!! ""","2023-04-19T05:54:15.564Z","el0Le81x5LT1y6F9FxZGKOHN2qo1","b575394b8dbd4afaa1fd947df6f0a6ed"
"cd1ae4b24a964030b7274eae3088c4ad","C#3NjDN7E0csS2zwt3X5SDhjGrOQN2","""Un vrai Ballieu! :p ""","2023-04-13T12:28:55.769Z","3NjDN7E0csS2zwt3X5SDhjGrOQN2","a9bed18de0a84a61a2a725d898685400"
"e87efb15d5e341f1aa49b3021dc57554","C#szRmFBdmeeeWQ5CR79t9LijCWbh1","""Attention ‚ö† l'esclavagisme a √©t√© aboli mais pas  √†  tignieu  visiblement  !!! ü§≠ ""","2023-04-13T06:32:09.986Z","szRmFBdmeeeWQ5CR79t9LijCWbh1","fe9016819324411c864de72fc7f674f6"
"97d9ff547aa34c2388b9ad6b781a0426","C#gjwDJv6tJVb2jOUiGaF9omlrPb02","On se le demande !","2023-04-23T05:58:05.042Z","gjwDJv6tJVb2jOUiGaF9omlrPb02","b75bd9b9972b42c1ac1c9579877ea8f0"
"1b890ee0a7214f249dc7fae0b3aac633","C#oFG6YFb4oHUN7lVrvRQYN0SOEHN2","""Bravo, Felicitations ü•≥ alors c‚Äôest quoi la suite? ‚ò∫Ô∏è""","2023-04-21T15:48:43.991Z","oFG6YFb4oHUN7lVrvRQYN0SOEHN2","74bb2f02ac2e42239dfbf9998aaa22fa"
"04372e64b3d242d483e6ff52d42a604a","C#AJl3FMA4KER0LHhZ7xNS6ygV50U2","Doucement avec l‚Äôalcool üòÇ","2023-04-16T10:55:28.320Z","AJl3FMA4KER0LHhZ7xNS6ygV50U2","d93cb335913e47f580accd05cc8ad182"
"d0fe45f1917d4e3ca5ff2cf398b6efe1","C#D0HcZyh7SNV2bBRIdUV5RWIzSJL2","Ca fait peur √ßa !!!!! ü§£ü§£ mon tchouch!!!!!","2023-04-16T17:24:47.465Z","D0HcZyh7SNV2bBRIdUV5RWIzSJL2","6c3aa8c1b7664341b16cd1558fb4aac0"
"2027560a3bbc4f1ab5b2ef2988a15c2b","C#KwAhL4TliiMu4s1Dk5f4DDOuY802","""Quelle chance, ce ne sont pas gilbert et gerard üòÖüòÖüòÖ""","2023-04-20T21:59:29.462Z","KwAhL4TliiMu4s1Dk5f4DDOuY802","8c70545b26794d14b9d9af3b240a45f8"
"f779062ba1fe42feb73125493d5bee18","C#hOMdeVxP89WrVXoSbUdvxtEdv5y1","ü§£ü§£ü§£","2023-04-19T11:14:46.916Z","hOMdeVxP89WrVXoSbUdvxtEdv5y1","203e07b444aa4d4ca7aee57123d34c93"
"f0a5083026324c8eb9dcfbc88c8b412d","C#I7iet0UH91d9fI3RPFKR3G3SQLk2","Incroyable !! üòÇüëå","2023-04-19T19:46:49.035Z","I7iet0UH91d9fI3RPFKR3G3SQLk2","ba44218aca934f5c8d202b149a11b59b"
"5760653581154a7981fee81bdf9d3b2b","C#yFj7tA2rYAPY9qPk0O4gUu730H73","""Bonjour Lulu. Joyeux anniversaire. Gros bisous √† plus. ""","2023-04-13T06:11:15.892Z","yFj7tA2rYAPY9qPk0O4gUu730H73","c82a8c36d1fd48e5941640cff550f239"
"399feef5caa14fd6b7887116f61b4740","C#QpOaYhUv9yYjiTbEbxX2TvWwCDM2","Mamie la plus heureuse ‚ù§ü•∞‚ù§ü•∞","2023-04-18T06:46:27.384Z","QpOaYhUv9yYjiTbEbxX2TvWwCDM2","e7b88796323249a7a314444797811e9c"
"2ff6600004b7418bb13b377916883815","C#y8leJXxNoxc4uzqpj4j3SpEFjkj1","Normalement oui","2023-04-22T17:28:54.336Z","y8leJXxNoxc4uzqpj4j3SpEFjkj1","220e06e95f3c4890ba2ba4395016fc93"
"8683c6b64f174e1aa59c42472af6d2c4","C#LPW9QqSYUwXZRmDJqH9uFRlaWCQ2","üëç bonne vacances profitez bien ü•∞üòòüòòüíï","2023-04-13T05:16:30.835Z","LPW9QqSYUwXZRmDJqH9uFRlaWCQ2","d5ddcf23adde43ca996b0beebbb813a9"
"2d9540b6b0704e49ab42f5fbfb904726","C#VVcxlPljSHf0BdpQz7klT3wB2TJ2","""C'est qu'il est beau comme son grand-p√®re ""","2023-04-18T18:44:16.924Z","VVcxlPljSHf0BdpQz7klT3wB2TJ2","6fb9915142f44dc4857ef3bf2e9104c9"
"9f51ae7b3e6442b9873fd966040012b1","C#4diw1uJ0peNnaBoOCH3Kj96RBoA2","Yes pas de.ballades aujourd'hui ??  Pause avant le retour ?? Par contre bravo pour toutes vos peomenades  ca donne envie  et on. A l ompression d etre en  vacances aussi üòÅ","2023-04-21T18:33:26.796Z","4diw1uJ0peNnaBoOCH3Kj96RBoA2","fe8cec924227422db37c13b63ab205ff"
"72e571dce46b4a3fa08e7e280b6972b4","C#JjPxzPS1MPZlw7TVFboWX083jEQ2","F√©licitationüçæü•Ç bisousüòò","2023-04-17T21:27:57.589Z","JjPxzPS1MPZlw7TVFboWX083jEQ2","7b66d7ca7b7545b7b2c622cf4a810ee6"
"24279c37e4334f16a20d85cbf6da49f1","C#fx45WRk8ujekb1jejhscZ7T8wSk2","""Magnifique Luce ""","2023-04-18T18:02:21.659Z","fx45WRk8ujekb1jejhscZ7T8wSk2","42de67934a3043dfa18fb0c2bc3b53f6"
"b3f8425245f64448a15dfbf98df34853","C#QA06PAkYWacV65IH7d265aTmdzi2","""Un vrai princesse trop trop belle de gros bisous de papou et mamou ""","2023-04-15T13:06:20.743Z","QA06PAkYWacV65IH7d265aTmdzi2","b4788c2db0614ae98c2c7fa167787da4"
"836efd7a5ff74c01ae4d4b3fa96b3ed2","C#EmKE9o4v5NXMaj74mYrIbG4kk7w2","""En dessous de Crozon, plage de Pentrez""","2023-04-17T11:17:09.131Z","EmKE9o4v5NXMaj74mYrIbG4kk7w2","127acdd87c6f4f57b7e47204c90b79d2"
"570eee07d6674987b7af5b4b8bbcd2d2","C#3IzQfp2LQGYBPOAZIPuq0ZNlMHS2","Plein de bisous","2023-04-18T18:56:42.350Z","3IzQfp2LQGYBPOAZIPuq0ZNlMHS2","8bd5a453de314ed39483be3e5fb1e696"
"a48d2e275c3b46eeb57b32d3886f9672","C#56xBVMph6scSNCPEaRph7yg0e542","Vous avez des grandes jambes üòÜ","2023-04-20T19:10:47.504Z","56xBVMph6scSNCPEaRph7yg0e542","1c40fb3799e843419b451e311cc892be"
"e36d8acaad974fbbbbae6ef689f4061a","C#7fxBe49EYKPUyFvdcGBUqSic1cv2","Ti coeur ü•∞","2023-04-22T06:47:06.687Z","7fxBe49EYKPUyFvdcGBUqSic1cv2","4ce987e9527b443180d3f7b973d3ffd8"
"49a957745450411b917a6e0405757746","C#NVBzDPq5DeQeGqtgC23VerWnwFF3","Merci  bcp       A ce jour quel BONHEUR je peux revoir vos belles photos BISOUSS √† vs partager","2023-04-16T13:20:10.642Z","NVBzDPq5DeQeGqtgC23VerWnwFF3","a85bae8cd55445bcb3d5b8036c43b7ba"
"ce573ca0aa5940298e9f676fce2c1011","C#8VkHcbxdJ4gFxcdzzpeprrqgul42","Les Kapla d‚Äôune √©poque","2023-04-22T21:27:42.930Z","8VkHcbxdJ4gFxcdzzpeprrqgul42","929c470cc00d4dd1b966b59a8cf25ae5"
"5152fdacda62490b8b480d4db8a46034","C#4tHSKY3cbyXZK6C6XTlFYlKesaC2","Super ! Bizh","2023-04-17T14:49:05.580Z","4tHSKY3cbyXZK6C6XTlFYlKesaC2","9ed75955b026432b9cfc00c69549e2d3"
"efb0bf7fa1324d13a321a7dacc31eb9a","C#G3JrH1VV9hdEOQ9Uxk5rqnatGG43","Ya le m√©tro sinon","2023-04-19T11:45:19.087Z","G3JrH1VV9hdEOQ9Uxk5rqnatGG43","c96a8dd31b984cd7997d648f46cb1330"
"a10ebc1d14a04a36956242a12a8f0ca2","C#Sraq49Zep6cVueN1lgTAhgPe5CM2","""F√©licitations mon fillot,bravo üëå""","2023-04-19T17:34:09.022Z","Sraq49Zep6cVueN1lgTAhgPe5CM2","9f9946968c564c199e7196d87b7e0336"
"2e2ebc98c0974fc7967e52d09d65af96","C#9VzAnnCfCIOS3PO6gMx3hYRR3Z73","Du canabis üòÇüòÇüòÇ","2023-04-17T15:51:29.443Z","9VzAnnCfCIOS3PO6gMx3hYRR3Z73","a4509ac20a6b4418ab1d33fe37710616"
"f1a9cbfe301043eaaf0422c7f42ae149","C#zt3WHYlnMggZm32HweMHcosQl0s1","Super id√©e cette vir√©e √† Rome üëçüèª‚ù£Ô∏è","2023-04-17T08:51:09.364Z","zt3WHYlnMggZm32HweMHcosQl0s1","dced34fe3221483db788157eb9a45985"
"d9739642055845fdab2727739729f4e3","C#VPqJDX66rnRHVU7TgKzSInGCyBy2","La chance","2023-04-16T15:33:18.825Z","VPqJDX66rnRHVU7TgKzSInGCyBy2","9041cb93b38145af9bcc7f283c9ec0b9"
"fc7e2f1b65de4a74b213824ec7b62fa4","C#KnuVsYYoTSOM5TUM5zGNGioSGVh1","Super bisousssssss üòò","2023-04-15T13:31:52.850Z","KnuVsYYoTSOM5TUM5zGNGioSGVh1","7c6d1459655d4e1ab0d0912f34f2a7ff"
"6d55d94c3bac4863b0fa043c95a56dd5","C#sR95c4kVG8OpEY00nhrKNUXcBnH3","|@%#%@|XwQEJGAQH9YrusJOUCl8w841lgB2|@%|%@|Jean-Marie|@%#%@| elle se demande ce qu'elle va planter dans ce bac ahah","2023-04-21T19:34:06.791Z","sR95c4kVG8OpEY00nhrKNUXcBnH3","ccc6e25c80a34ad180990c9d261926fa"
"7297bd612ea84b50ba6309ef308bedbd","C#WTeodMVG8uaabhl8rZe6LlZyM2L2","|@%#%@|LLDn8GU42PQoo8RuIYwVVm1rY882|@%|%@|Valoo|@%#%@| on aurait pu t'heberger √ßa t'aurais eviter tout ce trajet tata","2023-04-19T18:30:13.077Z","WTeodMVG8uaabhl8rZe6LlZyM2L2","1e79c33c2feb4854923a25980b4a4cb2"
"eb4db267499e402ba107e2a6467de9f1","C#Qu1lKsRTBCRFS1MQuqN1LiQrEIl1","Bon dimanche √† vous et bonne f√™te maman ‚ù§‚ù§‚ù§‚ù§","2023-04-23T10:10:48.290Z","Qu1lKsRTBCRFS1MQuqN1LiQrEIl1","baf199dbd88648c799ac790dc027e9d6"
"a7df3768f16b4f399c5d9641fc23ab88","C#qxWWfFKUykRG0XGsFrbXH2ycSD82","Merci a vous aussiüòòüòòüòòüòòüòòüòòüòò","2023-04-20T20:29:06.699Z","qxWWfFKUykRG0XGsFrbXH2ycSD82","57c75dde03b84f3f9fa914da84e4700f"
"a2c99fff701341d9813f6df625d15b67","C#rxobnd5urfRcOZk5dOzJlIVpIzf1","""Bienvenue petit Julien ü•∞ü•∞ü•∞ ""","2023-04-19T06:59:53.735Z","rxobnd5urfRcOZk5dOzJlIVpIzf1","f8738f0039a04b55a4f4345cf401f450"
"63e42a3fa6ed4d2aaf0058c833c364a7","C#ZOxIQwM2oKacCJOe3sjH94HKj7O2","Sunday en panne","2023-04-13T07:33:45.895Z","ZOxIQwM2oKacCJOe3sjH94HKj7O2","aef88a8762cf4d1f903325b80611e47d"
"779b28a4dff24ce2807ee6660bedad7d","C#FlNF4ywiUTUaXwdoom6wksXvIUr1","""Bon carnaval les filles ! Dommage mais on a des invit√©s √† d√©jeuner. ""","2023-04-16T10:18:27.133Z","FlNF4ywiUTUaXwdoom6wksXvIUr1","236f63513786464bad216a0ad673c845"
"0bbd2a2e4ae3451c995bf1c9390b1ace","C#xzYqmH3qF4Q1mZzg4cmqotkEtc22","Bon anniversaire Simon. üéÇ  Bisous","2023-04-20T15:04:42.892Z","xzYqmH3qF4Q1mZzg4cmqotkEtc22","f6cfbf5730394739a5fbb5c922ca9b96"
"6a91327f0fff4b54b1e4e27f015a71cc","C#NrF57U0dM1c9iniipCVJUZTWVlx2","üòÇ","2023-04-22T11:36:40.595Z","NrF57U0dM1c9iniipCVJUZTWVlx2","adc5317981b4455c90749439ddf032d6"
"7a66902e61a6462da45805785350e419","C#ls3MNR9GSPQHnMfCJ0PYhSI7Gw33","""Ouais ben t'inqui√®tes chui pas tres rassur√© non plus... je vais a Grasse ""","2023-04-21T16:46:23.808Z","ls3MNR9GSPQHnMfCJ0PYhSI7Gw33","e09e00aea1ff40a181710b0eb0560551"
"48987c969dbd412da2885249c957162d","C#7sTDhKaRr2XUWUwAv77XaIVf80D3","Merci ‚ô•Ô∏è","2023-04-22T18:25:26.723Z","7sTDhKaRr2XUWUwAv77XaIVf80D3","b9949b4e58b941b38b4b2535cb393b11"
"11548be4b5d34f00a0d239830129c3ad","C#8NxhwQBc0MYAHiQPdUssAAE8i833","""Elle est  s√©rieuse. Qu'elle  regard. ""","2023-04-18T17:10:59.510Z","8NxhwQBc0MYAHiQPdUssAAE8i833","20cf4d5112e343d4b8712774a1270943"
"af37d7ac6e7d401aa98911c507322161","C#K0uTJHcePobcoxwjfIUHNqpPCo33","Sympa la comparaison des photos ! Elle a bien grandi üòÅü•∞","2023-04-19T13:21:47.062Z","K0uTJHcePobcoxwjfIUHNqpPCo33","56ba7bf28c684732aa4c492f7b81039e"
"1546077738ff42d8889d407a1b950ab5","C#G8lO26h1PRSybgJkKh7j89XiDLo1","""Super merci gros bisous ""","2023-04-22T10:41:40.010Z","G8lO26h1PRSybgJkKh7j89XiDLo1","f37196f933b14800aed1fe0c49e52823"
"36df26d277bb4b32981a426a30317847","C#u88p4yYc68OoTFqbtsGyf7CFOsz2","Bravo pour les ch√¢teaux de sable.  La petite fille  grandi de jour en jour. Bisous √† vous deux üíùüíù","2023-04-13T15:40:54.101Z","u88p4yYc68OoTFqbtsGyf7CFOsz2","e38943abceb84cb7bc10f4f7c12db5a4"
"d7fe7d19d40046db8e8dfc76f2a7086a","C#qkKdCWBrVUWlaFFa7eU8KVo9ylK2","Ne vous pzrdez pas..vous nous manqueriezüòÄ","2023-04-18T08:47:51.936Z","qkKdCWBrVUWlaFFa7eU8KVo9ylK2","3a0b6fa5f7864da7821fb3a96f7f004f"
"0b92da5e7c154562a7fc164bd2e1ed73","C#JRbOpbAj1fae8Rr3TNMvW4CVm9f2","Tu es s√ªr ?ü§î","2023-04-21T18:32:00.131Z","JRbOpbAj1fae8Rr3TNMvW4CVm9f2","7019a3ff267d41c380948c63a2805467"
"cd08bdb01f6d4f4dbfdbaa042b110eb8","C#WlCt3l6Vsve0Dw1zh3V0eMU9eJc2","Gros bisous de mamika ü§óüòò‚ù§Ô∏è","2023-04-13T08:13:18.942Z","WlCt3l6Vsve0Dw1zh3V0eMU9eJc2","99c04a0cfbd44fdda616a2fac231c552"
"79e014c3311d4c12982ad9abf0842573","C#EEnsAKWrQtWWl1CknbLwUAJjlnm1","La grippe a du en emporter quelques uns...","2023-04-21T18:50:58.069Z","EEnsAKWrQtWWl1CknbLwUAJjlnm1","90f04186372e4b51bc282cfa43343f06"
"d4730e94250a467c92939b806da335ed","C#dYBrH8H2aoTkVMFmEIgwEQviZO93","Ah bah √ßa c'est ben vrai alors !!! ü§£ü§£ü§£","2023-04-20T11:57:12.823Z","dYBrH8H2aoTkVMFmEIgwEQviZO93","462814d1690f4e12942079203006bc67"
"f8cd2abb4d454a5fa22dc0034132b15a","C#E5cjKwZdczN7idLWvHlienGKtoq2","Hihihi oui","2023-04-22T12:13:14.412Z","E5cjKwZdczN7idLWvHlienGKtoq2","6665247d1a4440ba82e1241a1fa7b2ca"
"76f709fe14624f4fba78dae98c1ac7ab","C#moEkxEcIwWUiizjpwgSQ0h65sOW2","""Limite un garage ü§£ü§£ le truc est enorme en dimension (20m2). C'est un """"cabanon"""" pour mettre les affaires de jardin, v√©los etc. ""","2023-04-20T13:29:23.880Z","moEkxEcIwWUiizjpwgSQ0h65sOW2","a103b4c7f514495f85855b38c154e07e"
"0dc746d920fb424d8adf823fada2d43e","C#szRmFBdmeeeWQ5CR79t9LijCWbh1","""Super üëå dou√© malo ! C'est tr√®s r√©ussi tes cr√©ations en """"Origami""""üëèüòò ""","2023-04-22T07:42:58.527Z","szRmFBdmeeeWQ5CR79t9LijCWbh1","a7923d0e320e44f9b5a5420ef0cf5b6f"
"395667e396ec40989a40f7a98437d4e5","C#RfALC8kcqLhigpPZi8TW4mo0BWM2","La famille hamster. üêπ  ...üòÑüòÑ","2023-04-13T19:03:57.739Z","RfALC8kcqLhigpPZi8TW4mo0BWM2","2c7bfe2260134390b2b62cb9cd07b20c"
"547523db06214452ae91a5af80ec29c4","C#Jcq5WNxDjkW4AHvamRBmAbr2jOP2","""Je les refais pousser en milieu liquide et apres je les infecte avec un virus pour qu‚Äôelles produisent ce qui m‚Äôint√©resse ""","2023-04-19T11:57:35.590Z","Jcq5WNxDjkW4AHvamRBmAbr2jOP2","e2579f22de694c7286d6ec20331ced48"
"3711fe9d4f0f43b5917aaa0e6e345fe7","C#WTeodMVG8uaabhl8rZe6LlZyM2L2","""|@%#%@|nM6Ddzz2tzXkffwa2vbWq1tQKha2|@%|%@|Chantal Viani|@%#%@| tu peux pas nous souhaiter bonne soiree plustot ? ""","2023-04-23T10:01:46.578Z","WTeodMVG8uaabhl8rZe6LlZyM2L2","c39f44d398e24739a6fa441629ce10b9"
"8cff66244d9c447d9f1845229e7705b6","C#KIRqBj9RsJVOkXBv4ti1xs64tt03","Qu'elle essai !!! üòÇ","2023-04-14T11:05:20.910Z","KIRqBj9RsJVOkXBv4ti1xs64tt03","374bd1d6c5fb41b5b1e3e27f6efde08c"
"295a36e741934fc8aa58f18792d3100d","C#RWffkasQ5QcFU4yYs2nWMJ5LBLL2","Un h√¥tel 3 *** üòú","2023-04-18T15:21:43.380Z","RWffkasQ5QcFU4yYs2nWMJ5LBLL2","cca67adf592948cfa65aab8aaade2624"
"a77fba09c57d4d1aaf0961a308f447de","C#S1wfTArPwfUdBC3kJfBGWxrktux1","Hoo‚ô•","2023-04-19T18:58:23.883Z","S1wfTArPwfUdBC3kJfBGWxrktux1","b447c16ca1f1498594769fc280713aa7"
"867fc4c93712442e9b1c97d93fffdfe8","C#YEV3KFcIMvhr9a56WVHF84sH5lt1","""Magnifique mais dommage pas dans l'eau ""","2023-04-20T09:17:24.328Z","YEV3KFcIMvhr9a56WVHF84sH5lt1","4473bd277f5c4e65b329a8521acd73b6"
"e8ea31eb90974f488c6f729d970a6682","C#KmFBhttrNHexDxNyPXMg5N07YPs2","""Vous √™tes beaux üòòüòòüòò ""","2023-04-22T14:31:51.678Z","KmFBhttrNHexDxNyPXMg5N07YPs2","78780ad811224fae899cf236fec80417"
"f77ca022603443f081a5b7d7c9eab32d","C#lyHrdduXicf9hWWg7nLpenadmuu1","Quelle jolie sportive üëçüíñ","2023-04-15T19:34:53.208Z","lyHrdduXicf9hWWg7nLpenadmuu1","27cc7b9c3d2c446eb7d9894963f7cfa3"
"3fd63ec8b829406da3d0b907946ae3fa","C#Rr5gxVLdMnSWwbHVqAR42SwLLU63","Tu as bien travaill√© attention √† ton dos. Bises","2023-04-20T12:52:45.105Z","Rr5gxVLdMnSWwbHVqAR42SwLLU63","817695286e544d34a696c02d689e9d3a"
"5d481f2857294b3888b33be804e1de53","C#ZOxIQwM2oKacCJOe3sjH94HKj7O2","Mimi la deco","2023-04-21T19:16:54.560Z","ZOxIQwM2oKacCJOe3sjH94HKj7O2","35ce9d9260184743b60ce1cc3dca7fe4"
"b89c4989513d46e68c9ffdd9a4f0c0ea","C#Xhh4BHJeS9ccT3g98DQGO0Tri9i2","""2 g√¢teaux ! Ca c'est de l'anniversaire. Bon anniversaire Sarah. Gros bisous √† tous ""","2023-04-15T19:22:22.428Z","Xhh4BHJeS9ccT3g98DQGO0Tri9i2","943cc59e60564698ae2e187ab842e322"
"c2b74af1358b4e7295b4158b0898ebb2","C#82bEiJJGMlSrWPPD6Y8mjSR0Y212","""Trop belle Maman ‚Ä¶ Merci ""","2023-04-21T02:32:55.224Z","82bEiJJGMlSrWPPD6Y8mjSR0Y212","83ef017c35ab43198fab47b1f2783554"
"21421b142bb347e5a9e623221abc89f2","C#pjTp9T6qlwfG6EHwUxPi0e7jwLl1","Il est trop chou ‚ù§Ô∏è","2023-04-19T04:14:09.758Z","pjTp9T6qlwfG6EHwUxPi0e7jwLl1","580f84993e3f4484a797bddf2f7cd83a"
"f2cf9dda98f54adda5038a5fb9a441ba","C#J79JTSVuh0cVZNe4OuCRnKrFFLy1","Effectivement ü§£üòÇ","2023-04-16T08:55:38.893Z","J79JTSVuh0cVZNe4OuCRnKrFFLy1","95a6b42f0e724188baa209dd01efb3a7"
"b7ad76f70c014368ba3b71d4474e0ca1","C#LJNyTqivqDhO28G4JJpxvM71NUG2","Qu'est qu'il est intelligent ce petit üòâ","2023-04-22T15:06:14.754Z","LJNyTqivqDhO28G4JJpxvM71NUG2","669c1f5d4cc549dd8c498cd6216f91e6"
"4d89dda56c7d48bcba7b540e6c22754b","C#ZK8Y4UryjHUDyS8VZhESRPCAbG13","""Stylax!! ""","2023-04-18T16:55:55.165Z","ZK8Y4UryjHUDyS8VZhESRPCAbG13","07e542f028994e7480a1bb0683bcf615"
"cb1097c0a97949cdaeb21a29851398d1","C#FblSUJt2vvXTnP95j9H1bpmlMrM2","Et je suis toujours aussi beau ü•∞","2023-04-19T09:54:32.294Z","FblSUJt2vvXTnP95j9H1bpmlMrM2","29da59fea3a84617a8ae3fc97404b774"
"b8010b458d8949409c0fb7bacf435ea5","C#fdks8K0pxtfTWuhHD0b4bsp2Ub32","Cool üëåüëèüëè bonne nuit aux parents üòÇ","2023-04-19T18:06:17.629Z","fdks8K0pxtfTWuhHD0b4bsp2Ub32","f30929fb9cd14455ba30b6b542f4e75b"
"71c46aa9befb40a985fbc5cfbb630a5c","C#5W9LmGXbjiVaCxkzqSLq5Y0v0AC3","Chez mamie lolo et papy Ahmed üòÅ","2023-04-18T19:34:57.967Z","5W9LmGXbjiVaCxkzqSLq5Y0v0AC3","97a15998c2a847e8b8c0d6612d387511"
"26d6756aeed644a8bd42689d4d676cfa","C#WiVUuN1ePlc0YWlws0lAipVD0OA3","Bravo","2023-04-19T09:06:34.617Z","WiVUuN1ePlc0YWlws0lAipVD0OA3","dafa9d1cb76945d49b3216cb99650b24"
"32cbfca54f3d492ab5c64757fa5ab76f","C#YUzYM5R3NcZO3MLOW7g7tFFOrS93","ü§£ü§£ü§£ü§£","2023-04-16T14:57:57.596Z","YUzYM5R3NcZO3MLOW7g7tFFOrS93","1adb61d0762348199b7ba06edab2fdb4"
"6d09dc04b9ac4d508cfe50e1ea154329","C#mr4hKvdunTXCvr5dpXFZ6lsr1NZ2","Ah oui quel clownüòÇüòÇ","2023-04-14T05:59:33.009Z","mr4hKvdunTXCvr5dpXFZ6lsr1NZ2","a425cadfa67d4af1a9cfb862f458251f"
"8d0b4fa1d1c84bcbb3f50d26448ce356","C#RWffkasQ5QcFU4yYs2nWMJ5LBLL2","Je connsis √ßa üòÇ","2023-04-17T09:06:34.078Z","RWffkasQ5QcFU4yYs2nWMJ5LBLL2","fd786188eb9c46ad856690c46f9b1fc2"
"69d75a09c099462c882d41431de5fbe2","C#EOSvJydgUxgIAtkhmxU4EO9hpHQ2","Elle est belle ma fille üíì","2023-04-19T19:57:16.343Z","EOSvJydgUxgIAtkhmxU4EO9hpHQ2","64235665872d46caa8c3245e5f50befd"
"d665db8c75c7401c89e17ff585a0a051","C#S5vjZsJs6ZVslQGOi60VpjT1AY63","Mdr ! J‚Äôimagine papi et mamie qui voient cette video üòÇüòÇ","2023-04-17T13:06:22.044Z","S5vjZsJs6ZVslQGOi60VpjT1AY63","d1e861ffa15046039b2e2305b6a6cf9c"
"1b26550131684685a066e95c20fff784","C#Jcq5WNxDjkW4AHvamRBmAbr2jOP2","""Mais naaan ""","2023-04-16T10:30:15.528Z","Jcq5WNxDjkW4AHvamRBmAbr2jOP2","eb1264a83d324339b6501082b12d9219"
"06cbf4b5c8ff4c869cae694b4e99473e","C#tFpK76gVtgSImDzy2J2HRBhczky2","Waw quelle beaut√© üî• (le chat) üê±","2023-04-19T11:03:50.806Z","tFpK76gVtgSImDzy2J2HRBhczky2","5018e806abf249e3a66d744aa6d2d17e"